Date,Year,Month,Product_ID,Territory_ID,TRx_Count,NRx_Count,Refill_Count,Gross_Sales_USD,Net_Sales_USD,Sales_Rep_Calls,Sample_Units_Distributed,Month_Num,Year_Num,Lag_1_TRx,Lag_2_TRx,Rolling_3M_Mean,Forecasted_TRx,Forecast_Variance
2023-04-01,2023,4,PRD_001,TER_MW_01,413,125,288,241605,164291.4,43,65,4,2023,415.0,345.0,361.0,413.0,0.0
2023-05-01,2023,5,PRD_001,TER_MW_01,409,127,282,239265,162700.2,62,65,5,2023,413.0,415.0,391.0,409.0,0.0
2023-06-01,2023,6,PRD_001,TER_MW_01,347,77,270,202995,138036.6,51,43,6,2023,409.0,413.0,412.3333333333333,347.0,0.0
2023-07-01,2023,7,PRD_001,TER_MW_01,385,75,310,225225,153153.0,73,44,7,2023,347.0,409.0,389.6666666666667,385.0,0.0
2023-08-01,2023,8,PRD_001,TER_MW_01,352,102,250,205920,140025.6,33,81,8,2023,385.0,347.0,380.3333333333333,352.0,0.0
2023-09-01,2023,9,PRD_001,TER_MW_01,366,102,264,214110,145594.8,47,76,9,2023,352.0,385.0,361.3333333333333,366.0,0.0
2023-10-01,2023,10,PRD_001,TER_MW_01,362,81,281,211770,144003.6,31,34,10,2023,366.0,352.0,367.6666666666667,362.0,0.0
2023-11-01,2023,11,PRD_001,TER_MW_01,388,111,277,226980,154346.4,28,61,11,2023,362.0,366.0,360.0,388.0,0.0
2023-12-01,2023,12,PRD_001,TER_MW_01,437,113,324,255645,173838.6,30,60,12,2023,388.0,362.0,372.0,437.0,0.0
2024-01-01,2024,1,PRD_001,TER_MW_01,407,77,330,238095,161904.6,56,52,1,2024,437.0,388.0,395.6666666666667,407.0,0.0
2024-02-01,2024,2,PRD_001,TER_MW_01,439,98,341,256815,174634.2,68,64,2,2024,407.0,437.0,410.6666666666667,439.0,0.0
2024-03-01,2024,3,PRD_001,TER_MW_01,400,126,274,234000,159120.0,46,85,3,2024,439.0,407.0,427.6666666666667,400.0,0.0
2024-04-01,2024,4,PRD_001,TER_MW_01,415,128,287,242775,165087.0,56,84,4,2024,400.0,439.0,415.3333333333333,415.0,0.0
2024-05-01,2024,5,PRD_001,TER_MW_01,460,99,361,269100,182988.0,60,74,5,2024,415.0,400.0,418.0,460.0,0.0
2024-06-01,2024,6,PRD_001,TER_MW_01,458,115,343,267930,182192.4,44,71,6,2024,460.0,415.0,425.0,458.0,0.0
2024-07-01,2024,7,PRD_001,TER_MW_01,478,98,380,279630,190148.4,42,72,7,2024,458.0,460.0,444.3333333333333,478.0,0.0
2024-08-01,2024,8,PRD_001,TER_MW_01,443,117,326,259155,176225.4,31,69,8,2024,478.0,458.0,465.3333333333333,443.0,0.0
2024-09-01,2024,9,PRD_001,TER_MW_01,456,112,344,266760,181396.8,25,84,9,2024,443.0,478.0,459.6666666666667,456.0,0.0
2024-10-01,2024,10,PRD_001,TER_MW_01,467,86,381,273195,185772.6,51,47,10,2024,456.0,443.0,459.0,467.0,0.0
2024-11-01,2024,11,PRD_001,TER_MW_01,464,142,322,271440,184579.2,74,109,11,2024,467.0,456.0,455.3333333333333,464.0,0.0
2024-12-01,2024,12,PRD_001,TER_MW_01,491,125,366,287235,195319.8,58,98,12,2024,464.0,467.0,462.3333333333333,491.0,0.0
2025-01-01,2025,1,PRD_001,TER_MW_01,473,115,358,276705,188159.4,65,66,1,2025,491.0,464.0,474.0,508.0,-35.0
2025-02-01,2025,2,PRD_001,TER_MW_01,481,105,376,281385,191341.8,26,65,2,2025,473.0,491.0,476.0,493.0,-12.0
2025-03-01,2025,3,PRD_001,TER_MW_01,552,155,397,322920,219585.6,39,103,3,2025,481.0,473.0,481.6666666666667,473.0,79.0
2025-04-01,2025,4,PRD_001,TER_MW_01,515,129,386,301275,204867.0,38,99,4,2025,552.0,481.0,502.0,512.0,3.0
2025-05-01,2025,5,PRD_001,TER_MW_01,490,117,373,286650,194922.0,71,74,5,2025,515.0,552.0,516.0,527.0,-37.0
2025-06-01,2025,6,PRD_001,TER_MW_01,520,140,380,304200,206856.0,37,92,6,2025,490.0,515.0,519.0,505.0,15.0
2025-07-01,2025,7,PRD_001,TER_MW_01,519,112,407,303615,206458.2,67,86,7,2025,520.0,490.0,508.3333333333333,503.0,16.0
2025-08-01,2025,8,PRD_001,TER_MW_01,496,120,376,290160,197308.8,28,71,8,2025,519.0,520.0,509.6666666666667,509.0,-13.0
2025-09-01,2025,9,PRD_001,TER_MW_01,459,137,322,268515,182590.2,62,77,9,2025,496.0,519.0,511.6666666666667,519.0,-60.0
2025-10-01,2025,10,PRD_001,TER_MW_01,494,110,384,288990,196513.2,34,77,10,2025,459.0,496.0,491.3333333333333,487.0,7.0
2025-11-01,2025,11,PRD_001,TER_MW_01,520,138,382,304200,206856.0,61,64,11,2025,494.0,459.0,483.0,488.0,32.0
2025-12-01,2025,12,PRD_001,TER_MW_01,567,156,411,331695,225552.6,50,80,12,2025,520.0,494.0,491.0,541.0,26.0
2023-04-01,2023,4,PRD_001,TER_MW_02,386,83,303,225810,153550.8,29,50,4,2023,382.0,359.0,366.0,386.0,0.0
2023-05-01,2023,5,PRD_001,TER_MW_02,397,97,300,232245,157926.6,71,41,5,2023,386.0,382.0,375.6666666666667,397.0,0.0
2023-06-01,2023,6,PRD_001,TER_MW_02,389,120,269,227565,154744.2,29,83,6,2023,397.0,386.0,388.3333333333333,389.0,0.0
2023-07-01,2023,7,PRD_001,TER_MW_02,416,129,287,243360,165484.8,63,58,7,2023,389.0,397.0,390.6666666666667,416.0,0.0
2023-08-01,2023,8,PRD_001,TER_MW_02,399,73,326,233415,158722.2,66,49,8,2023,416.0,389.0,400.6666666666667,399.0,0.0
2023-09-01,2023,9,PRD_001,TER_MW_02,384,117,267,224640,152755.2,47,60,9,2023,399.0,416.0,401.3333333333333,384.0,0.0
2023-10-01,2023,10,PRD_001,TER_MW_02,363,90,273,212355,144401.4,61,62,10,2023,384.0,399.0,399.6666666666667,363.0,0.0
2023-11-01,2023,11,PRD_001,TER_MW_02,392,112,280,229320,155937.6,70,58,11,2023,363.0,384.0,382.0,392.0,0.0
2023-12-01,2023,12,PRD_001,TER_MW_02,400,113,287,234000,159120.0,55,54,12,2023,392.0,363.0,379.6666666666667,400.0,0.0
2024-01-01,2024,1,PRD_001,TER_MW_02,413,87,326,241605,164291.4,60,66,1,2024,400.0,392.0,385.0,413.0,0.0
2024-02-01,2024,2,PRD_001,TER_MW_02,469,88,381,274365,186568.2,60,39,2,2024,413.0,400.0,401.6666666666667,469.0,0.0
2024-03-01,2024,3,PRD_001,TER_MW_02,442,133,309,258570,175827.6,74,78,3,2024,469.0,413.0,427.3333333333333,442.0,0.0
2024-04-01,2024,4,PRD_001,TER_MW_02,446,83,363,260910,177418.8,40,48,4,2024,442.0,469.0,441.3333333333333,446.0,0.0
2024-05-01,2024,5,PRD_001,TER_MW_02,465,101,364,272025,184977.0,53,65,5,2024,446.0,442.0,452.3333333333333,465.0,0.0
2024-06-01,2024,6,PRD_001,TER_MW_02,453,87,366,265005,180203.4,36,45,6,2024,465.0,446.0,451.0,453.0,0.0
2024-07-01,2024,7,PRD_001,TER_MW_02,378,94,284,221130,150368.4,30,41,7,2024,453.0,465.0,454.6666666666667,378.0,0.0
2024-08-01,2024,8,PRD_001,TER_MW_02,431,78,353,252135,171451.8,36,51,8,2024,378.0,453.0,432.0,431.0,0.0
2024-09-01,2024,9,PRD_001,TER_MW_02,437,105,332,255645,173838.6,71,83,9,2024,431.0,378.0,420.6666666666667,437.0,0.0
2024-10-01,2024,10,PRD_001,TER_MW_02,407,94,313,238095,161904.6,43,50,10,2024,437.0,431.0,415.3333333333333,407.0,0.0
2024-11-01,2024,11,PRD_001,TER_MW_02,463,124,339,270855,184181.4,41,52,11,2024,407.0,437.0,425.0,463.0,0.0
2024-12-01,2024,12,PRD_001,TER_MW_02,449,98,351,262665,178612.2,62,61,12,2024,463.0,407.0,435.6666666666667,449.0,0.0
2025-01-01,2025,1,PRD_001,TER_MW_02,522,97,425,305370,207651.6,26,74,1,2025,449.0,463.0,439.6666666666667,468.0,54.0
2025-02-01,2025,2,PRD_001,TER_MW_02,529,166,363,309465,210436.2,27,80,2,2025,522.0,449.0,478.0,517.0,12.0
2025-03-01,2025,3,PRD_001,TER_MW_02,488,102,386,285480,194126.4,61,42,3,2025,529.0,522.0,500.0,490.0,-2.0
2025-04-01,2025,4,PRD_001,TER_MW_02,527,101,426,308295,209640.6,64,76,4,2025,488.0,529.0,513.0,530.0,-3.0
2025-05-01,2025,5,PRD_001,TER_MW_02,513,122,391,300105,204071.4,39,51,5,2025,527.0,488.0,514.6666666666666,506.0,7.0
2025-06-01,2025,6,PRD_001,TER_MW_02,485,109,376,283725,192933.0,67,76,6,2025,513.0,527.0,509.3333333333333,516.0,-31.0
2025-07-01,2025,7,PRD_001,TER_MW_02,557,131,426,325845,221574.6,30,75,7,2025,485.0,513.0,508.3333333333333,482.0,75.0
2025-08-01,2025,8,PRD_001,TER_MW_02,476,139,337,278460,189352.8,33,95,8,2025,557.0,485.0,518.3333333333334,519.0,-43.0
2025-09-01,2025,9,PRD_001,TER_MW_02,497,99,398,290745,197706.6,74,59,9,2025,476.0,557.0,506.0,478.0,19.0
2025-10-01,2025,10,PRD_001,TER_MW_02,535,146,389,312975,212823.0,43,92,10,2025,497.0,476.0,510.0,512.0,23.0
2025-11-01,2025,11,PRD_001,TER_MW_02,521,145,376,304785,207253.8,39,97,11,2025,535.0,497.0,502.6666666666667,513.0,8.0
2025-12-01,2025,12,PRD_001,TER_MW_02,549,102,447,321165,218392.2,51,79,12,2025,521.0,535.0,517.6666666666666,569.0,-20.0
2023-04-01,2023,4,PRD_001,TER_NE_01,400,104,296,234000,159120.0,69,61,4,2023,377.0,365.0,376.3333333333333,400.0,0.0
2023-05-01,2023,5,PRD_001,TER_NE_01,378,82,296,221130,150368.4,37,59,5,2023,400.0,377.0,380.6666666666667,378.0,0.0
2023-06-01,2023,6,PRD_001,TER_NE_01,389,116,273,227565,154744.2,43,75,6,2023,378.0,400.0,385.0,389.0,0.0
2023-07-01,2023,7,PRD_001,TER_NE_01,410,114,296,239850,163098.0,25,54,7,2023,389.0,378.0,389.0,410.0,0.0
2023-08-01,2023,8,PRD_001,TER_NE_01,375,80,295,219375,149175.0,70,53,8,2023,410.0,389.0,392.3333333333333,375.0,0.0
2023-09-01,2023,9,PRD_001,TER_NE_01,358,79,279,209430,142412.4,27,55,9,2023,375.0,410.0,391.3333333333333,358.0,0.0
2023-10-01,2023,10,PRD_001,TER_NE_01,368,108,260,215280,146390.4,29,47,10,2023,358.0,375.0,381.0,368.0,0.0
2023-11-01,2023,11,PRD_001,TER_NE_01,385,79,306,225225,153153.0,50,55,11,2023,368.0,358.0,367.0,385.0,0.0
2023-12-01,2023,12,PRD_001,TER_NE_01,428,88,340,250380,170258.4,51,55,12,2023,385.0,368.0,370.3333333333333,428.0,0.0
2024-01-01,2024,1,PRD_001,TER_NE_01,415,81,334,242775,165087.0,70,60,1,2024,428.0,385.0,393.6666666666667,415.0,0.0
2024-02-01,2024,2,PRD_001,TER_NE_01,466,119,347,272610,185374.8,44,88,2,2024,415.0,428.0,409.3333333333333,466.0,0.0
2024-03-01,2024,3,PRD_001,TER_NE_01,474,132,342,277290,188557.2,40,81,3,2024,466.0,415.0,436.3333333333333,474.0,0.0
2024-04-01,2024,4,PRD_001,TER_NE_01,497,101,396,290745,197706.6,34,65,4,2024,474.0,466.0,451.6666666666667,497.0,0.0
2024-05-01,2024,5,PRD_001,TER_NE_01,413,92,321,241605,164291.4,41,40,5,2024,497.0,474.0,479.0,413.0,0.0
2024-06-01,2024,6,PRD_001,TER_NE_01,472,123,349,276120,187761.6,63,61,6,2024,413.0,497.0,461.3333333333333,472.0,0.0
2024-07-01,2024,7,PRD_001,TER_NE_01,435,111,324,254475,173043.0,52,73,7,2024,472.0,413.0,460.6666666666667,435.0,0.0
2024-08-01,2024,8,PRD_001,TER_NE_01,409,95,314,239265,162700.2,45,42,8,2024,435.0,472.0,440.0,409.0,0.0
2024-09-01,2024,9,PRD_001,TER_NE_01,408,111,297,238680,162302.4,37,86,9,2024,409.0,435.0,438.6666666666667,408.0,0.0
2024-10-01,2024,10,PRD_001,TER_NE_01,423,81,342,247455,168269.4,38,61,10,2024,408.0,409.0,417.3333333333333,423.0,0.0
2024-11-01,2024,11,PRD_001,TER_NE_01,458,127,331,267930,182192.4,61,53,11,2024,423.0,408.0,413.3333333333333,458.0,0.0
2024-12-01,2024,12,PRD_001,TER_NE_01,486,99,387,284310,193330.8,42,48,12,2024,458.0,423.0,429.6666666666667,486.0,0.0
2025-01-01,2025,1,PRD_001,TER_NE_01,513,107,406,300105,204071.4,52,67,1,2025,486.0,458.0,455.6666666666667,497.0,16.0
2025-02-01,2025,2,PRD_001,TER_NE_01,464,114,350,271440,184579.2,37,81,2,2025,513.0,486.0,485.6666666666667,515.0,-51.0
2025-03-01,2025,3,PRD_001,TER_NE_01,528,119,409,308880,210038.4,56,73,3,2025,464.0,513.0,487.6666666666667,494.0,34.0
2025-04-01,2025,4,PRD_001,TER_NE_01,532,95,437,311220,211629.6,37,42,4,2025,528.0,464.0,501.6666666666667,489.0,43.0
2025-05-01,2025,5,PRD_001,TER_NE_01,495,140,355,289575,196911.0,32,81,5,2025,532.0,528.0,508.0,511.0,-16.0
2025-06-01,2025,6,PRD_001,TER_NE_01,519,98,421,303615,206458.2,73,65,6,2025,495.0,532.0,518.3333333333334,483.0,36.0
2025-07-01,2025,7,PRD_001,TER_NE_01,493,90,403,288405,196115.4,72,47,7,2025,519.0,495.0,515.3333333333334,502.0,-9.0
2025-08-01,2025,8,PRD_001,TER_NE_01,442,84,358,258570,175827.6,34,46,8,2025,493.0,519.0,502.3333333333333,466.0,-24.0
2025-09-01,2025,9,PRD_001,TER_NE_01,513,117,396,300105,204071.4,46,92,9,2025,442.0,493.0,484.6666666666667,484.0,29.0
2025-10-01,2025,10,PRD_001,TER_NE_01,470,118,352,274950,186966.0,26,74,10,2025,513.0,442.0,482.6666666666667,487.0,-17.0
2025-11-01,2025,11,PRD_001,TER_NE_01,552,136,416,322920,219585.6,47,100,11,2025,470.0,513.0,475.0,506.0,46.0
2025-12-01,2025,12,PRD_001,TER_NE_01,590,184,406,345150,234702.0,64,100,12,2025,552.0,470.0,511.6666666666667,565.0,25.0
2023-04-01,2023,4,PRD_001,TER_NE_02,402,128,274,235170,159915.6,32,94,4,2023,392.0,370.0,375.0,402.0,0.0
2023-05-01,2023,5,PRD_001,TER_NE_02,404,108,296,236340,160711.2,71,50,5,2023,402.0,392.0,388.0,404.0,0.0
2023-06-01,2023,6,PRD_001,TER_NE_02,378,81,297,221130,150368.4,32,34,6,2023,404.0,402.0,399.3333333333333,378.0,0.0
2023-07-01,2023,7,PRD_001,TER_NE_02,382,86,296,223470,151959.6,37,64,7,2023,378.0,404.0,394.6666666666667,382.0,0.0
2023-08-01,2023,8,PRD_001,TER_NE_02,385,80,305,225225,153153.0,69,63,8,2023,382.0,378.0,388.0,385.0,0.0
2023-09-01,2023,9,PRD_001,TER_NE_02,362,67,295,211770,144003.6,39,39,9,2023,385.0,382.0,381.6666666666667,362.0,0.0
2023-10-01,2023,10,PRD_001,TER_NE_02,367,75,292,214695,145992.6,53,48,10,2023,362.0,385.0,376.3333333333333,367.0,0.0
2023-11-01,2023,11,PRD_001,TER_NE_02,438,99,339,256230,174236.4,61,40,11,2023,367.0,362.0,371.3333333333333,438.0,0.0
2023-12-01,2023,12,PRD_001,TER_NE_02,387,81,306,226395,153948.6,71,33,12,2023,438.0,367.0,389.0,387.0,0.0
2024-01-01,2024,1,PRD_001,TER_NE_02,442,124,318,258570,175827.6,57,84,1,2024,387.0,438.0,397.3333333333333,442.0,0.0
2024-02-01,2024,2,PRD_001,TER_NE_02,455,141,314,266175,180999.0,36,95,2,2024,442.0,387.0,422.3333333333333,455.0,0.0
2024-03-01,2024,3,PRD_001,TER_NE_02,454,127,327,265590,180601.2,51,74,3,2024,455.0,442.0,428.0,454.0,0.0
2024-04-01,2024,4,PRD_001,TER_NE_02,459,115,344,268515,182590.2,32,47,4,2024,454.0,455.0,450.3333333333333,459.0,0.0
2024-05-01,2024,5,PRD_001,TER_NE_02,408,99,309,238680,162302.4,67,46,5,2024,459.0,454.0,456.0,408.0,0.0
2024-06-01,2024,6,PRD_001,TER_NE_02,459,134,325,268515,182590.2,27,86,6,2024,408.0,459.0,440.3333333333333,459.0,0.0
2024-07-01,2024,7,PRD_001,TER_NE_02,430,127,303,251550,171054.0,57,95,7,2024,459.0,408.0,442.0,430.0,0.0
2024-08-01,2024,8,PRD_001,TER_NE_02,448,103,345,262080,178214.4,49,47,8,2024,430.0,459.0,432.3333333333333,448.0,0.0
2024-09-01,2024,9,PRD_001,TER_NE_02,426,76,350,249210,169462.8,48,58,9,2024,448.0,430.0,445.6666666666667,426.0,0.0
2024-10-01,2024,10,PRD_001,TER_NE_02,424,100,324,248040,168667.2,42,76,10,2024,426.0,448.0,434.6666666666667,424.0,0.0
2024-11-01,2024,11,PRD_001,TER_NE_02,449,122,327,262665,178612.2,39,56,11,2024,424.0,426.0,432.6666666666667,449.0,0.0
2024-12-01,2024,12,PRD_001,TER_NE_02,494,130,364,288990,196513.2,57,96,12,2024,449.0,424.0,433.0,494.0,0.0
2025-01-01,2025,1,PRD_001,TER_NE_02,501,101,400,293085,199297.8,68,47,1,2025,494.0,449.0,455.6666666666667,495.0,6.0
2025-02-01,2025,2,PRD_001,TER_NE_02,498,121,377,291330,198104.4,32,88,2,2025,501.0,494.0,481.3333333333333,514.0,-16.0
2025-03-01,2025,3,PRD_001,TER_NE_02,470,130,340,274950,186966.0,29,57,3,2025,498.0,501.0,497.6666666666667,493.0,-23.0
2025-04-01,2025,4,PRD_001,TER_NE_02,526,125,401,307710,209242.8,60,86,4,2025,470.0,498.0,489.6666666666667,496.0,30.0
2025-05-01,2025,5,PRD_001,TER_NE_02,502,117,385,293670,199695.6,31,69,5,2025,526.0,470.0,498.0,492.0,10.0
2025-06-01,2025,6,PRD_001,TER_NE_02,548,145,403,320580,217994.4,54,73,6,2025,502.0,526.0,499.3333333333333,483.0,65.0
2025-07-01,2025,7,PRD_001,TER_NE_02,481,116,365,281385,191341.8,30,85,7,2025,548.0,502.0,525.3333333333334,538.0,-57.0
2025-08-01,2025,8,PRD_001,TER_NE_02,470,141,329,274950,186966.0,41,112,8,2025,481.0,548.0,510.3333333333333,492.0,-22.0
2025-09-01,2025,9,PRD_001,TER_NE_02,507,158,349,296595,201684.6,70,85,9,2025,470.0,481.0,499.6666666666667,483.0,24.0
2025-10-01,2025,10,PRD_001,TER_NE_02,478,148,330,279630,190148.4,71,80,10,2025,507.0,470.0,486.0,482.0,-4.0
2025-11-01,2025,11,PRD_001,TER_NE_02,539,148,391,315315,214414.2,31,92,11,2025,478.0,507.0,485.0,509.0,30.0
2025-12-01,2025,12,PRD_001,TER_NE_02,544,158,386,318240,216403.2,58,90,12,2025,539.0,478.0,508.0,546.0,-2.0
2023-04-01,2023,4,PRD_001,TER_SO_01,503,91,412,294255,200093.4,56,70,4,2023,494.0,437.0,457.6666666666667,503.0,0.0
2023-05-01,2023,5,PRD_001,TER_SO_01,511,158,353,298935,203275.8,44,103,5,2023,503.0,494.0,478.0,511.0,0.0
2023-06-01,2023,6,PRD_001,TER_SO_01,460,133,327,269100,182988.0,74,76,6,2023,511.0,503.0,502.6666666666667,460.0,0.0
2023-07-01,2023,7,PRD_001,TER_SO_01,445,104,341,260325,177021.0,73,69,7,2023,460.0,511.0,491.3333333333333,445.0,0.0
2023-08-01,2023,8,PRD_001,TER_SO_01,502,156,346,293670,199695.6,54,70,8,2023,445.0,460.0,472.0,502.0,0.0
2023-09-01,2023,9,PRD_001,TER_SO_01,452,109,343,264420,179805.6,26,51,9,2023,502.0,445.0,469.0,452.0,0.0
2023-10-01,2023,10,PRD_001,TER_SO_01,523,134,389,305955,208049.4,37,84,10,2023,452.0,502.0,466.3333333333333,523.0,0.0
2023-11-01,2023,11,PRD_001,TER_SO_01,514,149,365,300690,204469.2,74,94,11,2023,523.0,452.0,492.3333333333333,514.0,0.0
2023-12-01,2023,12,PRD_001,TER_SO_01,487,117,370,284895,193728.6,44,59,12,2023,514.0,523.0,496.3333333333333,487.0,0.0
2024-01-01,2024,1,PRD_001,TER_SO_01,531,151,380,310635,211231.8,48,62,1,2024,487.0,514.0,508.0,531.0,0.0
2024-02-01,2024,2,PRD_001,TER_SO_01,584,153,431,341640,232315.2,64,90,2,2024,531.0,487.0,510.6666666666667,584.0,0.0
2024-03-01,2024,3,PRD_001,TER_SO_01,570,135,435,333450,226746.0,55,101,3,2024,584.0,531.0,534.0,570.0,0.0
2024-04-01,2024,4,PRD_001,TER_SO_01,582,113,469,340470,231519.6,30,58,4,2024,570.0,584.0,561.6666666666666,582.0,0.0
2024-05-01,2024,5,PRD_001,TER_SO_01,538,151,387,314730,214016.4,53,101,5,2024,582.0,570.0,578.6666666666666,538.0,0.0
2024-06-01,2024,6,PRD_001,TER_SO_01,558,106,452,326430,221972.4,68,47,6,2024,538.0,582.0,563.3333333333334,558.0,0.0
2024-07-01,2024,7,PRD_001,TER_SO_01,572,130,442,334620,227541.6,33,86,7,2024,558.0,538.0,559.3333333333334,572.0,0.0
2024-08-01,2024,8,PRD_001,TER_SO_01,552,120,432,322920,219585.6,43,80,8,2024,572.0,558.0,556.0,552.0,0.0
2024-09-01,2024,9,PRD_001,TER_SO_01,497,128,369,290745,197706.6,65,81,9,2024,552.0,572.0,560.6666666666666,497.0,0.0
2024-10-01,2024,10,PRD_001,TER_SO_01,568,102,466,332280,225950.4,36,68,10,2024,497.0,552.0,540.3333333333334,568.0,0.0
2024-11-01,2024,11,PRD_001,TER_SO_01,524,108,416,306540,208447.2,30,43,11,2024,568.0,497.0,539.0,524.0,0.0
2024-12-01,2024,12,PRD_001,TER_SO_01,591,133,458,345735,235099.8,50,83,12,2024,524.0,568.0,529.6666666666666,591.0,0.0
2025-01-01,2025,1,PRD_001,TER_SO_01,614,180,434,359190,244249.2,52,109,1,2025,591.0,524.0,561.0,592.0,22.0
2025-02-01,2025,2,PRD_001,TER_SO_01,667,129,538,390195,265332.6,54,67,2,2025,614.0,591.0,576.3333333333334,621.0,46.0
2025-03-01,2025,3,PRD_001,TER_SO_01,693,202,491,405405,275675.4,54,81,3,2025,667.0,614.0,624.0,602.0,91.0
2025-04-01,2025,4,PRD_001,TER_SO_01,621,148,473,363285,247033.8,57,69,4,2025,693.0,667.0,658.0,613.0,8.0
2025-05-01,2025,5,PRD_001,TER_SO_01,679,136,543,397215,270106.2,27,80,5,2025,621.0,693.0,660.3333333333334,594.0,85.0
2025-06-01,2025,6,PRD_001,TER_SO_01,626,166,460,366210,249022.8,36,112,6,2025,679.0,621.0,664.3333333333334,596.0,30.0
2025-07-01,2025,7,PRD_001,TER_SO_01,604,117,487,353340,240271.2,44,90,7,2025,626.0,679.0,642.0,597.0,7.0
2025-08-01,2025,8,PRD_001,TER_SO_01,584,173,411,341640,232315.2,40,101,8,2025,604.0,626.0,636.3333333333334,558.0,26.0
2025-09-01,2025,9,PRD_001,TER_SO_01,593,120,473,346905,235895.4,35,86,9,2025,584.0,604.0,604.6666666666666,552.0,41.0
2025-10-01,2025,10,PRD_001,TER_SO_01,607,155,452,355095,241464.6,62,84,10,2025,593.0,584.0,593.6666666666666,556.0,51.0
2025-11-01,2025,11,PRD_001,TER_SO_01,705,204,501,412425,280449.0,69,115,11,2025,607.0,593.0,594.6666666666666,569.0,136.0
2025-12-01,2025,12,PRD_001,TER_SO_01,703,151,552,411255,279653.4,67,65,12,2025,705.0,607.0,635.0,592.0,111.0
2023-04-01,2023,4,PRD_001,TER_SO_02,492,90,402,287820,195717.6,27,60,4,2023,488.0,461.0,476.6666666666667,492.0,0.0
2023-05-01,2023,5,PRD_001,TER_SO_02,511,124,387,298935,203275.8,57,97,5,2023,492.0,488.0,480.3333333333333,511.0,0.0
2023-06-01,2023,6,PRD_001,TER_SO_02,473,130,343,276705,188159.4,29,55,6,2023,511.0,492.0,497.0,473.0,0.0
2023-07-01,2023,7,PRD_001,TER_SO_02,484,139,345,283140,192535.2,63,78,7,2023,473.0,511.0,492.0,484.0,0.0
2023-08-01,2023,8,PRD_001,TER_SO_02,497,113,384,290745,197706.6,36,82,8,2023,484.0,473.0,489.3333333333333,497.0,0.0
2023-09-01,2023,9,PRD_001,TER_SO_02,459,104,355,268515,182590.2,49,77,9,2023,497.0,484.0,484.6666666666667,459.0,0.0
2023-10-01,2023,10,PRD_001,TER_SO_02,473,138,335,276705,188159.4,51,105,10,2023,459.0,497.0,480.0,473.0,0.0
2023-11-01,2023,11,PRD_001,TER_SO_02,442,139,303,258570,175827.6,50,100,11,2023,473.0,459.0,476.3333333333333,442.0,0.0
2023-12-01,2023,12,PRD_001,TER_SO_02,517,123,394,302445,205662.6,41,83,12,2023,442.0,473.0,458.0,517.0,0.0
2024-01-01,2024,1,PRD_001,TER_SO_02,528,124,404,308880,210038.4,42,72,1,2024,517.0,442.0,477.3333333333333,528.0,0.0
2024-02-01,2024,2,PRD_001,TER_SO_02,541,162,379,316485,215209.8,30,78,2,2024,528.0,517.0,495.6666666666667,541.0,0.0
2024-03-01,2024,3,PRD_001,TER_SO_02,546,115,431,319410,217198.8,44,48,3,2024,541.0,528.0,528.6666666666666,546.0,0.0
2024-04-01,2024,4,PRD_001,TER_SO_02,591,180,411,345735,235099.8,44,80,4,2024,546.0,541.0,538.3333333333334,591.0,0.0
2024-05-01,2024,5,PRD_001,TER_SO_02,590,130,460,345150,234702.0,74,59,5,2024,591.0,546.0,559.3333333333334,590.0,0.0
2024-06-01,2024,6,PRD_001,TER_SO_02,560,157,403,327600,222768.0,74,101,6,2024,590.0,591.0,575.6666666666666,560.0,0.0
2024-07-01,2024,7,PRD_001,TER_SO_02,507,123,384,296595,201684.6,34,78,7,2024,560.0,590.0,580.3333333333334,507.0,0.0
2024-08-01,2024,8,PRD_001,TER_SO_02,492,92,400,287820,195717.6,40,68,8,2024,507.0,560.0,552.3333333333334,492.0,0.0
2024-09-01,2024,9,PRD_001,TER_SO_02,521,106,415,304785,207253.8,68,61,9,2024,492.0,507.0,519.6666666666666,521.0,0.0
2024-10-01,2024,10,PRD_001,TER_SO_02,489,105,384,286065,194524.2,33,75,10,2024,521.0,492.0,506.6666666666667,489.0,0.0
2024-11-01,2024,11,PRD_001,TER_SO_02,560,163,397,327600,222768.0,46,70,11,2024,489.0,521.0,500.6666666666667,560.0,0.0
2024-12-01,2024,12,PRD_001,TER_SO_02,613,126,487,358605,243851.4,40,100,12,2024,560.0,489.0,523.3333333333334,613.0,0.0
2025-01-01,2025,1,PRD_001,TER_SO_02,586,151,435,342810,233110.8,70,76,1,2025,613.0,560.0,554.0,618.0,-32.0
2025-02-01,2025,2,PRD_001,TER_SO_02,636,145,491,372060,253000.8,41,111,2,2025,586.0,613.0,586.3333333333334,617.0,19.0
2025-03-01,2025,3,PRD_001,TER_SO_02,635,169,466,371475,252603.0,57,134,3,2025,636.0,586.0,611.6666666666666,614.0,21.0
2025-04-01,2025,4,PRD_001,TER_SO_02,613,137,476,358605,243851.4,68,85,4,2025,635.0,636.0,619.0,589.0,24.0
2025-05-01,2025,5,PRD_001,TER_SO_02,760,235,525,444600,302328.0,43,151,5,2025,613.0,635.0,628.0,628.0,132.0
2025-06-01,2025,6,PRD_001,TER_SO_02,682,158,524,398970,271299.6,68,106,6,2025,760.0,613.0,669.3333333333334,581.0,101.0
2025-07-01,2025,7,PRD_001,TER_SO_02,610,148,462,356850,242658.0,66,106,7,2025,682.0,760.0,685.0,599.0,11.0
2025-08-01,2025,8,PRD_001,TER_SO_02,644,178,466,376740,256183.2,57,85,8,2025,610.0,682.0,684.0,581.0,63.0
2025-09-01,2025,9,PRD_001,TER_SO_02,587,116,471,343395,233508.6,34,79,9,2025,644.0,610.0,645.3333333333334,560.0,27.0
2025-10-01,2025,10,PRD_001,TER_SO_02,711,201,510,415935,282835.8,74,89,10,2025,587.0,644.0,613.6666666666666,569.0,142.0
2025-11-01,2025,11,PRD_001,TER_SO_02,660,153,507,386100,262548.0,45,81,11,2025,711.0,587.0,647.3333333333334,614.0,46.0
2025-12-01,2025,12,PRD_001,TER_SO_02,702,185,517,410670,279255.6,32,143,12,2025,660.0,711.0,652.6666666666666,675.0,27.0
2023-04-01,2023,4,PRD_001,TER_WE_01,477,109,368,279045,189750.6,26,58,4,2023,504.0,443.0,478.6666666666667,477.0,0.0
2023-05-01,2023,5,PRD_001,TER_WE_01,445,111,334,260325,177021.0,45,87,5,2023,477.0,504.0,474.6666666666667,445.0,0.0
2023-06-01,2023,6,PRD_001,TER_WE_01,464,147,317,271440,184579.2,44,98,6,2023,445.0,477.0,475.3333333333333,464.0,0.0
2023-07-01,2023,7,PRD_001,TER_WE_01,467,120,347,273195,185772.6,67,81,7,2023,464.0,445.0,462.0,467.0,0.0
2023-08-01,2023,8,PRD_001,TER_WE_01,459,87,372,268515,182590.2,68,40,8,2023,467.0,464.0,458.6666666666667,459.0,0.0
2023-09-01,2023,9,PRD_001,TER_WE_01,457,113,344,267345,181794.6,62,76,9,2023,459.0,467.0,463.3333333333333,457.0,0.0
2023-10-01,2023,10,PRD_001,TER_WE_01,517,118,399,302445,205662.6,26,66,10,2023,457.0,459.0,461.0,517.0,0.0
2023-11-01,2023,11,PRD_001,TER_WE_01,474,96,378,277290,188557.2,59,63,11,2023,517.0,457.0,477.6666666666667,474.0,0.0
2023-12-01,2023,12,PRD_001,TER_WE_01,501,119,382,293085,199297.8,35,61,12,2023,474.0,517.0,482.6666666666667,501.0,0.0
2024-01-01,2024,1,PRD_001,TER_WE_01,561,164,397,328185,223165.8,41,122,1,2024,501.0,474.0,497.3333333333333,561.0,0.0
2024-02-01,2024,2,PRD_001,TER_WE_01,595,129,466,348075,236691.0,27,60,2,2024,561.0,501.0,512.0,595.0,0.0
2024-03-01,2024,3,PRD_001,TER_WE_01,568,125,443,332280,225950.4,74,91,3,2024,595.0,561.0,552.3333333333334,568.0,0.0
2024-04-01,2024,4,PRD_001,TER_WE_01,600,156,444,351000,238680.0,57,91,4,2024,568.0,595.0,574.6666666666666,600.0,0.0
2024-05-01,2024,5,PRD_001,TER_WE_01,550,149,401,321750,218790.0,74,95,5,2024,600.0,568.0,587.6666666666666,550.0,0.0
2024-06-01,2024,6,PRD_001,TER_WE_01,588,125,463,343980,233906.4,29,61,6,2024,550.0,600.0,572.6666666666666,588.0,0.0
2024-07-01,2024,7,PRD_001,TER_WE_01,510,117,393,298350,202878.0,71,86,7,2024,588.0,550.0,579.3333333333334,510.0,0.0
2024-08-01,2024,8,PRD_001,TER_WE_01,549,156,393,321165,218392.2,63,123,8,2024,510.0,588.0,549.3333333333334,549.0,0.0
2024-09-01,2024,9,PRD_001,TER_WE_01,547,174,373,319995,217596.6,73,111,9,2024,549.0,510.0,549.0,547.0,0.0
2024-10-01,2024,10,PRD_001,TER_WE_01,528,132,396,308880,210038.4,45,54,10,2024,547.0,549.0,535.3333333333334,528.0,0.0
2024-11-01,2024,11,PRD_001,TER_WE_01,568,137,431,332280,225950.4,29,61,11,2024,528.0,547.0,541.3333333333334,568.0,0.0
2024-12-01,2024,12,PRD_001,TER_WE_01,630,138,492,368550,250614.0,36,96,12,2024,568.0,528.0,547.6666666666666,630.0,0.0
2025-01-01,2025,1,PRD_001,TER_WE_01,633,121,512,370305,251807.4,67,82,1,2025,630.0,568.0,575.3333333333334,614.0,19.0
2025-02-01,2025,2,PRD_001,TER_WE_01,577,164,413,337545,229530.6,69,71,2,2025,633.0,630.0,610.3333333333334,614.0,-37.0
2025-03-01,2025,3,PRD_001,TER_WE_01,639,133,506,373815,254194.2,55,78,3,2025,577.0,633.0,613.3333333333334,590.0,49.0
2025-04-01,2025,4,PRD_001,TER_WE_01,676,184,492,395460,268912.8,30,73,4,2025,639.0,577.0,616.3333333333334,590.0,86.0
2025-05-01,2025,5,PRD_001,TER_WE_01,626,127,499,366210,249022.8,51,69,5,2025,676.0,639.0,630.6666666666666,593.0,33.0
2025-06-01,2025,6,PRD_001,TER_WE_01,539,145,394,315315,214414.2,28,85,6,2025,626.0,676.0,647.0,610.0,-71.0
2025-07-01,2025,7,PRD_001,TER_WE_01,633,143,490,370305,251807.4,51,96,7,2025,539.0,626.0,613.6666666666666,566.0,67.0
2025-08-01,2025,8,PRD_001,TER_WE_01,596,116,480,348660,237088.8,48,53,8,2025,633.0,539.0,599.3333333333334,534.0,62.0
2025-09-01,2025,9,PRD_001,TER_WE_01,595,187,408,348075,236691.0,48,116,9,2025,596.0,633.0,589.3333333333334,564.0,31.0
2025-10-01,2025,10,PRD_001,TER_WE_01,608,115,493,355680,241862.4,67,84,10,2025,595.0,596.0,608.0,567.0,41.0
2025-11-01,2025,11,PRD_001,TER_WE_01,644,188,456,376740,256183.2,69,81,11,2025,608.0,595.0,599.6666666666666,582.0,62.0
2025-12-01,2025,12,PRD_001,TER_WE_01,624,133,491,365040,248227.2,73,65,12,2025,644.0,608.0,615.6666666666666,585.0,39.0
2023-04-01,2023,4,PRD_001,TER_WE_02,469,132,337,274365,186568.2,54,103,4,2023,489.0,448.0,474.0,469.0,0.0
2023-05-01,2023,5,PRD_001,TER_WE_02,488,130,358,285480,194126.4,46,91,5,2023,469.0,489.0,468.6666666666667,488.0,0.0
2023-06-01,2023,6,PRD_001,TER_WE_02,447,120,327,261495,177816.6,38,85,6,2023,488.0,469.0,482.0,447.0,0.0
2023-07-01,2023,7,PRD_001,TER_WE_02,450,96,354,263250,179010.0,49,66,7,2023,447.0,488.0,468.0,450.0,0.0
2023-08-01,2023,8,PRD_001,TER_WE_02,447,110,337,261495,177816.6,74,55,8,2023,450.0,447.0,461.6666666666667,447.0,0.0
2023-09-01,2023,9,PRD_001,TER_WE_02,476,148,328,278460,189352.8,70,94,9,2023,447.0,450.0,448.0,476.0,0.0
2023-10-01,2023,10,PRD_001,TER_WE_02,485,133,352,283725,192933.0,29,97,10,2023,476.0,447.0,457.6666666666667,485.0,0.0
2023-11-01,2023,11,PRD_001,TER_WE_02,492,157,335,287820,195717.6,40,69,11,2023,485.0,476.0,469.3333333333333,492.0,0.0
2023-12-01,2023,12,PRD_001,TER_WE_02,491,138,353,287235,195319.8,69,72,12,2023,492.0,485.0,484.3333333333333,491.0,0.0
2024-01-01,2024,1,PRD_001,TER_WE_02,568,171,397,332280,225950.4,54,121,1,2024,491.0,492.0,489.3333333333333,568.0,0.0
2024-02-01,2024,2,PRD_001,TER_WE_02,526,146,380,307710,209242.8,61,65,2,2024,568.0,491.0,517.0,526.0,0.0
2024-03-01,2024,3,PRD_001,TER_WE_02,581,157,424,339885,231121.8,69,74,3,2024,526.0,568.0,528.3333333333334,581.0,0.0
2024-04-01,2024,4,PRD_001,TER_WE_02,583,148,435,341055,231917.4,63,107,4,2024,581.0,526.0,558.3333333333334,583.0,0.0
2024-05-01,2024,5,PRD_001,TER_WE_02,584,113,471,341640,232315.2,69,71,5,2024,583.0,581.0,563.3333333333334,584.0,0.0
2024-06-01,2024,6,PRD_001,TER_WE_02,539,150,389,315315,214414.2,48,108,6,2024,584.0,583.0,582.6666666666666,539.0,0.0
2024-07-01,2024,7,PRD_001,TER_WE_02,566,144,422,331110,225154.8,69,90,7,2024,539.0,584.0,568.6666666666666,566.0,0.0
2024-08-01,2024,8,PRD_001,TER_WE_02,565,114,451,330525,224757.0,63,74,8,2024,566.0,539.0,563.0,565.0,0.0
2024-09-01,2024,9,PRD_001,TER_WE_02,573,151,422,335205,227939.4,61,77,9,2024,565.0,566.0,556.6666666666666,573.0,0.0
2024-10-01,2024,10,PRD_001,TER_WE_02,534,163,371,312390,212425.2,51,88,10,2024,573.0,565.0,568.0,534.0,0.0
2024-11-01,2024,11,PRD_001,TER_WE_02,553,109,444,323505,219983.4,31,44,11,2024,534.0,573.0,557.3333333333334,553.0,0.0
2024-12-01,2024,12,PRD_001,TER_WE_02,606,175,431,354510,241066.8,50,105,12,2024,553.0,534.0,553.3333333333334,606.0,0.0
2025-01-01,2025,1,PRD_001,TER_WE_02,581,158,423,339885,231121.8,41,96,1,2025,606.0,553.0,564.3333333333334,620.0,-39.0
2025-02-01,2025,2,PRD_001,TER_WE_02,671,184,487,392535,266923.8,26,135,2,2025,581.0,606.0,580.0,629.0,42.0
2025-03-01,2025,3,PRD_001,TER_WE_02,624,191,433,365040,248227.2,55,138,3,2025,671.0,581.0,619.3333333333334,618.0,6.0
2025-04-01,2025,4,PRD_001,TER_WE_02,659,173,486,385515,262150.2,46,136,4,2025,624.0,671.0,625.3333333333334,592.0,67.0
2025-05-01,2025,5,PRD_001,TER_WE_02,622,130,492,363870,247431.6,62,69,5,2025,659.0,624.0,651.3333333333334,597.0,25.0
2025-06-01,2025,6,PRD_001,TER_WE_02,663,146,517,387855,263741.4,36,113,6,2025,622.0,659.0,635.0,605.0,58.0
2025-07-01,2025,7,PRD_001,TER_WE_02,589,133,456,344565,234304.2,37,97,7,2025,663.0,622.0,648.0,581.0,8.0
2025-08-01,2025,8,PRD_001,TER_WE_02,604,109,495,353340,240271.2,72,82,8,2025,589.0,663.0,624.6666666666666,555.0,49.0
2025-09-01,2025,9,PRD_001,TER_WE_02,627,163,464,366795,249420.6,40,73,9,2025,604.0,589.0,618.6666666666666,539.0,88.0
2025-10-01,2025,10,PRD_001,TER_WE_02,638,198,440,373230,253796.4,65,114,10,2025,627.0,604.0,606.6666666666666,588.0,50.0
2025-11-01,2025,11,PRD_001,TER_WE_02,683,156,527,399555,271697.4,25,63,11,2025,638.0,627.0,623.0,579.0,104.0
2025-12-01,2025,12,PRD_001,TER_WE_02,709,141,568,414765,282040.2,51,65,12,2025,683.0,638.0,649.3333333333334,599.0,110.0
2023-04-01,2023,4,PRD_002,TER_MW_01,465,93,372,274350,178327.5,33,65,4,2023,462.0,481.0,453.6666666666667,465.0,0.0
2023-05-01,2023,5,PRD_002,TER_MW_01,431,94,337,254290,165288.5,74,69,5,2023,465.0,462.0,469.3333333333333,431.0,0.0
2023-06-01,2023,6,PRD_002,TER_MW_01,410,89,321,241900,157235.0,29,70,6,2023,431.0,465.0,452.6666666666667,410.0,0.0
2023-07-01,2023,7,PRD_002,TER_MW_01,458,78,380,270220,175643.0,39,45,7,2023,410.0,431.0,435.3333333333333,458.0,0.0
2023-08-01,2023,8,PRD_002,TER_MW_01,452,65,387,266680,173342.0,61,30,8,2023,458.0,410.0,433.0,452.0,0.0
2023-09-01,2023,9,PRD_002,TER_MW_01,434,89,345,256060,166439.0,46,54,9,2023,452.0,458.0,440.0,434.0,0.0
2023-10-01,2023,10,PRD_002,TER_MW_01,414,61,353,244260,158769.0,62,30,10,2023,434.0,452.0,448.0,414.0,0.0
2023-11-01,2023,11,PRD_002,TER_MW_01,478,72,406,282020,183313.0,73,33,11,2023,414.0,434.0,433.3333333333333,478.0,0.0
2023-12-01,2023,12,PRD_002,TER_MW_01,465,98,367,274350,178327.5,58,63,12,2023,478.0,414.0,442.0,465.0,0.0
2024-01-01,2024,1,PRD_002,TER_MW_01,502,81,421,296180,192517.0,50,43,1,2024,465.0,478.0,452.3333333333333,502.0,0.0
2024-02-01,2024,2,PRD_002,TER_MW_01,469,75,394,276710,179861.5,34,57,2,2024,502.0,465.0,481.6666666666667,469.0,0.0
2024-03-01,2024,3,PRD_002,TER_MW_01,449,64,385,264910,172191.5,34,32,3,2024,469.0,502.0,478.6666666666667,449.0,0.0
2024-04-01,2024,4,PRD_002,TER_MW_01,439,65,374,259010,168356.5,52,48,4,2024,449.0,469.0,473.3333333333333,439.0,0.0
2024-05-01,2024,5,PRD_002,TER_MW_01,478,70,408,282020,183313.0,36,49,5,2024,439.0,449.0,452.3333333333333,478.0,0.0
2024-06-01,2024,6,PRD_002,TER_MW_01,480,98,382,283200,184080.0,41,57,6,2024,478.0,439.0,455.3333333333333,480.0,0.0
2024-07-01,2024,7,PRD_002,TER_MW_01,442,75,367,260780,169507.0,31,51,7,2024,480.0,478.0,465.6666666666667,442.0,0.0
2024-08-01,2024,8,PRD_002,TER_MW_01,483,76,407,284970,185230.5,35,58,8,2024,442.0,480.0,466.6666666666667,483.0,0.0
2024-09-01,2024,9,PRD_002,TER_MW_01,484,85,399,285560,185614.0,42,53,9,2024,483.0,442.0,468.3333333333333,484.0,0.0
2024-10-01,2024,10,PRD_002,TER_MW_01,467,71,396,275530,179094.5,65,36,10,2024,484.0,483.0,469.6666666666667,467.0,0.0
2024-11-01,2024,11,PRD_002,TER_MW_01,513,106,407,302670,196735.5,72,54,11,2024,467.0,484.0,478.0,513.0,0.0
2024-12-01,2024,12,PRD_002,TER_MW_01,491,73,418,289690,188298.5,71,33,12,2024,513.0,467.0,488.0,491.0,0.0
2025-01-01,2025,1,PRD_002,TER_MW_01,537,107,430,316830,205939.5,69,64,1,2025,491.0,513.0,490.3333333333333,526.0,11.0
2025-02-01,2025,2,PRD_002,TER_MW_01,516,86,430,304440,197886.0,34,48,2,2025,537.0,491.0,513.6666666666666,565.0,-49.0
2025-03-01,2025,3,PRD_002,TER_MW_01,543,94,449,320370,208240.5,33,60,3,2025,516.0,537.0,514.6666666666666,549.0,-6.0
2025-04-01,2025,4,PRD_002,TER_MW_01,513,91,422,302670,196735.5,45,60,4,2025,543.0,516.0,532.0,542.0,-29.0
2025-05-01,2025,5,PRD_002,TER_MW_01,540,114,426,318600,207090.0,55,57,5,2025,513.0,543.0,524.0,493.0,47.0
2025-06-01,2025,6,PRD_002,TER_MW_01,482,79,403,284380,184847.0,44,36,6,2025,540.0,513.0,532.0,508.0,-26.0
2025-07-01,2025,7,PRD_002,TER_MW_01,499,98,401,294410,191366.5,71,51,7,2025,482.0,540.0,511.6666666666667,506.0,-7.0
2025-08-01,2025,8,PRD_002,TER_MW_01,557,82,475,328630,213609.5,72,64,8,2025,499.0,482.0,507.0,477.0,80.0
2025-09-01,2025,9,PRD_002,TER_MW_01,464,93,371,273760,177944.0,62,38,9,2025,557.0,499.0,512.6666666666666,524.0,-60.0
2025-10-01,2025,10,PRD_002,TER_MW_01,521,109,412,307390,199803.5,72,53,10,2025,464.0,557.0,506.6666666666667,490.0,31.0
2025-11-01,2025,11,PRD_002,TER_MW_01,510,105,405,300900,195585.0,26,71,11,2025,521.0,464.0,514.0,550.0,-40.0
2025-12-01,2025,12,PRD_002,TER_MW_01,532,93,439,313880,204022.0,40,39,12,2025,510.0,521.0,498.3333333333333,517.0,15.0
2023-04-01,2023,4,PRD_002,TER_MW_02,442,91,351,260780,169507.0,26,40,4,2023,462.0,453.0,459.6666666666667,442.0,0.0
2023-05-01,2023,5,PRD_002,TER_MW_02,458,72,386,270220,175643.0,30,31,5,2023,442.0,462.0,452.3333333333333,458.0,0.0
2023-06-01,2023,6,PRD_002,TER_MW_02,441,81,360,260190,169123.5,42,55,6,2023,458.0,442.0,454.0,441.0,0.0
2023-07-01,2023,7,PRD_002,TER_MW_02,431,62,369,254290,165288.5,54,40,7,2023,441.0,458.0,447.0,431.0,0.0
2023-08-01,2023,8,PRD_002,TER_MW_02,399,84,315,235410,153016.5,42,45,8,2023,431.0,441.0,443.3333333333333,399.0,0.0
2023-09-01,2023,9,PRD_002,TER_MW_02,427,83,344,251930,163754.5,64,46,9,2023,399.0,431.0,423.6666666666667,427.0,0.0
2023-10-01,2023,10,PRD_002,TER_MW_02,422,81,341,248980,161837.0,44,54,10,2023,427.0,399.0,419.0,422.0,0.0
2023-11-01,2023,11,PRD_002,TER_MW_02,430,76,354,253700,164905.0,31,46,11,2023,422.0,427.0,416.0,430.0,0.0
2023-12-01,2023,12,PRD_002,TER_MW_02,485,99,386,286150,185997.5,49,69,12,2023,430.0,422.0,426.3333333333333,485.0,0.0
2024-01-01,2024,1,PRD_002,TER_MW_02,470,66,404,277300,180245.0,36,51,1,2024,485.0,430.0,445.6666666666667,470.0,0.0
2024-02-01,2024,2,PRD_002,TER_MW_02,517,94,423,305030,198269.5,70,57,2,2024,470.0,485.0,461.6666666666667,517.0,0.0
2024-03-01,2024,3,PRD_002,TER_MW_02,486,81,405,286740,186381.0,45,35,3,2024,517.0,470.0,490.6666666666667,486.0,0.0
2024-04-01,2024,4,PRD_002,TER_MW_02,549,113,436,323910,210541.5,48,74,4,2024,486.0,517.0,491.0,549.0,0.0
2024-05-01,2024,5,PRD_002,TER_MW_02,470,73,397,277300,180245.0,54,31,5,2024,549.0,486.0,517.3333333333334,470.0,0.0
2024-06-01,2024,6,PRD_002,TER_MW_02,457,77,380,269630,175259.5,38,47,6,2024,470.0,549.0,501.6666666666667,457.0,0.0
2024-07-01,2024,7,PRD_002,TER_MW_02,465,102,363,274350,178327.5,74,76,7,2024,457.0,470.0,492.0,465.0,0.0
2024-08-01,2024,8,PRD_002,TER_MW_02,453,63,390,267270,173725.5,31,48,8,2024,465.0,457.0,464.0,453.0,0.0
2024-09-01,2024,9,PRD_002,TER_MW_02,440,66,374,259600,168740.0,25,39,9,2024,453.0,465.0,458.3333333333333,440.0,0.0
2024-10-01,2024,10,PRD_002,TER_MW_02,471,88,383,277890,180628.5,65,51,10,2024,440.0,453.0,452.6666666666667,471.0,0.0
2024-11-01,2024,11,PRD_002,TER_MW_02,485,104,381,286150,185997.5,25,55,11,2024,471.0,440.0,454.6666666666667,485.0,0.0
2024-12-01,2024,12,PRD_002,TER_MW_02,495,87,408,292050,189832.5,45,62,12,2024,485.0,471.0,465.3333333333333,495.0,0.0
2025-01-01,2025,1,PRD_002,TER_MW_02,553,97,456,326270,212075.5,32,49,1,2025,495.0,485.0,483.6666666666667,506.0,47.0
2025-02-01,2025,2,PRD_002,TER_MW_02,513,81,432,302670,196735.5,70,39,2,2025,553.0,495.0,511.0,558.0,-45.0
2025-03-01,2025,3,PRD_002,TER_MW_02,587,90,497,346330,225114.5,48,71,3,2025,513.0,553.0,520.3333333333334,532.0,55.0
2025-04-01,2025,4,PRD_002,TER_MW_02,528,78,450,311520,202488.0,66,31,4,2025,587.0,513.0,551.0,567.0,-39.0
2025-05-01,2025,5,PRD_002,TER_MW_02,488,90,398,287920,187148.0,36,55,5,2025,528.0,587.0,542.6666666666666,546.0,-58.0
2025-06-01,2025,6,PRD_002,TER_MW_02,551,82,469,325090,211308.5,57,42,6,2025,488.0,528.0,534.3333333333334,525.0,26.0
2025-07-01,2025,7,PRD_002,TER_MW_02,537,108,429,316830,205939.5,50,53,7,2025,551.0,488.0,522.3333333333334,527.0,10.0
2025-08-01,2025,8,PRD_002,TER_MW_02,482,88,394,284380,184847.0,70,51,8,2025,537.0,551.0,525.3333333333334,532.0,-50.0
2025-09-01,2025,9,PRD_002,TER_MW_02,539,112,427,318010,206706.5,49,82,9,2025,482.0,537.0,523.3333333333334,535.0,4.0
2025-10-01,2025,10,PRD_002,TER_MW_02,499,88,411,294410,191366.5,71,36,10,2025,539.0,482.0,519.3333333333334,519.0,-20.0
2025-11-01,2025,11,PRD_002,TER_MW_02,528,84,444,311520,202488.0,68,47,11,2025,499.0,539.0,506.6666666666667,527.0,1.0
2025-12-01,2025,12,PRD_002,TER_MW_02,578,92,486,341020,221663.0,49,57,12,2025,528.0,499.0,522.0,572.0,6.0
2023-04-01,2023,4,PRD_002,TER_NE_01,477,78,399,281430,182929.5,31,32,4,2023,398.0,430.0,424.6666666666667,477.0,0.0
2023-05-01,2023,5,PRD_002,TER_NE_01,420,74,346,247800,161070.0,27,34,5,2023,477.0,398.0,435.0,420.0,0.0
2023-06-01,2023,6,PRD_002,TER_NE_01,450,98,352,265500,172575.0,48,50,6,2023,420.0,477.0,431.6666666666667,450.0,0.0
2023-07-01,2023,7,PRD_002,TER_NE_01,452,80,372,266680,173342.0,46,58,7,2023,450.0,420.0,449.0,452.0,0.0
2023-08-01,2023,8,PRD_002,TER_NE_01,387,78,309,228330,148414.5,70,50,8,2023,452.0,450.0,440.6666666666667,387.0,0.0
2023-09-01,2023,9,PRD_002,TER_NE_01,397,59,338,234230,152249.5,29,31,9,2023,387.0,452.0,429.6666666666667,397.0,0.0
2023-10-01,2023,10,PRD_002,TER_NE_01,391,79,312,230690,149948.5,67,51,10,2023,397.0,387.0,412.0,391.0,0.0
2023-11-01,2023,11,PRD_002,TER_NE_01,450,63,387,265500,172575.0,71,40,11,2023,391.0,397.0,391.6666666666667,450.0,0.0
2023-12-01,2023,12,PRD_002,TER_NE_01,444,63,381,261960,170274.0,73,34,12,2023,450.0,391.0,412.6666666666667,444.0,0.0
2024-01-01,2024,1,PRD_002,TER_NE_01,484,86,398,285560,185614.0,66,53,1,2024,444.0,450.0,428.3333333333333,484.0,0.0
2024-02-01,2024,2,PRD_002,TER_NE_01,480,87,393,283200,184080.0,32,46,2,2024,484.0,444.0,459.3333333333333,480.0,0.0
2024-03-01,2024,3,PRD_002,TER_NE_01,488,98,390,287920,187148.0,69,47,3,2024,480.0,484.0,469.3333333333333,488.0,0.0
2024-04-01,2024,4,PRD_002,TER_NE_01,451,72,379,266090,172958.5,72,57,4,2024,488.0,480.0,484.0,451.0,0.0
2024-05-01,2024,5,PRD_002,TER_NE_01,487,94,393,287330,186764.5,61,40,5,2024,451.0,488.0,473.0,487.0,0.0
2024-06-01,2024,6,PRD_002,TER_NE_01,449,64,385,264910,172191.5,40,37,6,2024,487.0,451.0,475.3333333333333,449.0,0.0
2024-07-01,2024,7,PRD_002,TER_NE_01,487,76,411,287330,186764.5,64,34,7,2024,449.0,487.0,462.3333333333333,487.0,0.0
2024-08-01,2024,8,PRD_002,TER_NE_01,475,92,383,280250,182162.5,61,73,8,2024,487.0,449.0,474.3333333333333,475.0,0.0
2024-09-01,2024,9,PRD_002,TER_NE_01,453,67,386,267270,173725.5,52,48,9,2024,475.0,487.0,470.3333333333333,453.0,0.0
2024-10-01,2024,10,PRD_002,TER_NE_01,476,97,379,280840,182546.0,33,65,10,2024,453.0,475.0,471.6666666666667,476.0,0.0
2024-11-01,2024,11,PRD_002,TER_NE_01,487,84,403,287330,186764.5,37,59,11,2024,476.0,453.0,468.0,487.0,0.0
2024-12-01,2024,12,PRD_002,TER_NE_01,542,91,451,319780,207857.0,27,62,12,2024,487.0,476.0,472.0,542.0,0.0
2025-01-01,2025,1,PRD_002,TER_NE_01,532,102,430,313880,204022.0,47,61,1,2025,542.0,487.0,501.6666666666667,535.0,-3.0
2025-02-01,2025,2,PRD_002,TER_NE_01,589,92,497,347510,225881.5,32,54,2,2025,532.0,542.0,520.3333333333334,567.0,22.0
2025-03-01,2025,3,PRD_002,TER_NE_01,576,112,464,339840,220896.0,38,66,3,2025,589.0,532.0,554.3333333333334,586.0,-10.0
2025-04-01,2025,4,PRD_002,TER_NE_01,571,82,489,336890,218978.5,68,41,4,2025,576.0,589.0,565.6666666666666,581.0,-10.0
2025-05-01,2025,5,PRD_002,TER_NE_01,531,75,456,313290,203638.5,45,54,5,2025,571.0,576.0,578.6666666666666,572.0,-41.0
2025-06-01,2025,6,PRD_002,TER_NE_01,506,93,413,298540,194051.0,56,71,6,2025,531.0,571.0,559.3333333333334,549.0,-43.0
2025-07-01,2025,7,PRD_002,TER_NE_01,479,76,403,282610,183696.5,55,45,7,2025,506.0,531.0,536.0,518.0,-39.0
2025-08-01,2025,8,PRD_002,TER_NE_01,500,71,429,295000,191750.0,29,33,8,2025,479.0,506.0,505.3333333333333,464.0,36.0
2025-09-01,2025,9,PRD_002,TER_NE_01,509,90,419,300310,195201.5,61,62,9,2025,500.0,479.0,495.0,477.0,32.0
2025-10-01,2025,10,PRD_002,TER_NE_01,504,104,400,297360,193284.0,55,67,10,2025,509.0,500.0,496.0,499.0,5.0
2025-11-01,2025,11,PRD_002,TER_NE_01,485,87,398,286150,185997.5,67,45,11,2025,504.0,509.0,504.3333333333333,497.0,-12.0
2025-12-01,2025,12,PRD_002,TER_NE_01,607,99,508,358130,232784.5,73,48,12,2025,485.0,504.0,499.3333333333333,506.0,101.0
2023-04-01,2023,4,PRD_002,TER_NE_02,467,78,389,275530,179094.5,61,54,4,2023,422.0,445.0,429.3333333333333,467.0,0.0
2023-05-01,2023,5,PRD_002,TER_NE_02,454,79,375,267860,174109.0,68,59,5,2023,467.0,422.0,444.6666666666667,454.0,0.0
2023-06-01,2023,6,PRD_002,TER_NE_02,469,81,388,276710,179861.5,32,34,6,2023,454.0,467.0,447.6666666666667,469.0,0.0
2023-07-01,2023,7,PRD_002,TER_NE_02,447,79,368,263730,171424.5,65,48,7,2023,469.0,454.0,463.3333333333333,447.0,0.0
2023-08-01,2023,8,PRD_002,TER_NE_02,413,65,348,243670,158385.5,34,32,8,2023,447.0,469.0,456.6666666666667,413.0,0.0
2023-09-01,2023,9,PRD_002,TER_NE_02,418,60,358,246620,160303.0,68,41,9,2023,413.0,447.0,443.0,418.0,0.0
2023-10-01,2023,10,PRD_002,TER_NE_02,449,72,377,264910,172191.5,46,38,10,2023,418.0,413.0,426.0,449.0,0.0
2023-11-01,2023,11,PRD_002,TER_NE_02,442,78,364,260780,169507.0,62,45,11,2023,449.0,418.0,426.6666666666667,442.0,0.0
2023-12-01,2023,12,PRD_002,TER_NE_02,462,69,393,272580,177177.0,59,52,12,2023,442.0,449.0,436.3333333333333,462.0,0.0
2024-01-01,2024,1,PRD_002,TER_NE_02,477,77,400,281430,182929.5,25,58,1,2024,462.0,442.0,451.0,477.0,0.0
2024-02-01,2024,2,PRD_002,TER_NE_02,473,87,386,279070,181395.5,32,67,2,2024,477.0,462.0,460.3333333333333,473.0,0.0
2024-03-01,2024,3,PRD_002,TER_NE_02,480,67,413,283200,184080.0,28,36,3,2024,473.0,477.0,470.6666666666667,480.0,0.0
2024-04-01,2024,4,PRD_002,TER_NE_02,498,78,420,293820,190983.0,40,34,4,2024,480.0,473.0,476.6666666666667,498.0,0.0
2024-05-01,2024,5,PRD_002,TER_NE_02,473,95,378,279070,181395.5,29,43,5,2024,498.0,480.0,483.6666666666667,473.0,0.0
2024-06-01,2024,6,PRD_002,TER_NE_02,436,65,371,257240,167206.0,53,45,6,2024,473.0,498.0,483.6666666666667,436.0,0.0
2024-07-01,2024,7,PRD_002,TER_NE_02,492,72,420,290280,188682.0,32,56,7,2024,436.0,473.0,469.0,492.0,0.0
2024-08-01,2024,8,PRD_002,TER_NE_02,461,65,396,271990,176793.5,43,28,8,2024,492.0,436.0,467.0,461.0,0.0
2024-09-01,2024,9,PRD_002,TER_NE_02,478,68,410,282020,183313.0,36,38,9,2024,461.0,492.0,463.0,478.0,0.0
2024-10-01,2024,10,PRD_002,TER_NE_02,506,87,419,298540,194051.0,39,36,10,2024,478.0,461.0,477.0,506.0,0.0
2024-11-01,2024,11,PRD_002,TER_NE_02,468,88,380,276120,179478.0,62,36,11,2024,506.0,478.0,481.6666666666667,468.0,0.0
2024-12-01,2024,12,PRD_002,TER_NE_02,511,82,429,301490,195968.5,33,53,12,2024,468.0,506.0,484.0,511.0,0.0
2025-01-01,2025,1,PRD_002,TER_NE_02,530,104,426,312700,203255.0,25,54,1,2025,511.0,468.0,495.0,517.0,13.0
2025-02-01,2025,2,PRD_002,TER_NE_02,512,96,416,302080,196352.0,34,66,2,2025,530.0,511.0,503.0,537.0,-25.0
2025-03-01,2025,3,PRD_002,TER_NE_02,498,75,423,293820,190983.0,53,45,3,2025,512.0,530.0,517.6666666666666,516.0,-18.0
2025-04-01,2025,4,PRD_002,TER_NE_02,536,116,420,316240,205556.0,42,58,4,2025,498.0,512.0,513.3333333333334,519.0,17.0
2025-05-01,2025,5,PRD_002,TER_NE_02,493,79,414,290870,189065.5,50,50,5,2025,536.0,498.0,515.3333333333334,518.0,-25.0
2025-06-01,2025,6,PRD_002,TER_NE_02,553,100,453,326270,212075.5,73,57,6,2025,493.0,536.0,509.0,478.0,75.0
2025-07-01,2025,7,PRD_002,TER_NE_02,509,89,420,300310,195201.5,45,54,7,2025,553.0,493.0,527.3333333333334,541.0,-32.0
2025-08-01,2025,8,PRD_002,TER_NE_02,443,91,352,261370,169890.5,29,57,8,2025,509.0,553.0,518.3333333333334,501.0,-58.0
2025-09-01,2025,9,PRD_002,TER_NE_02,484,91,393,285560,185614.0,47,54,9,2025,443.0,509.0,501.6666666666667,475.0,9.0
2025-10-01,2025,10,PRD_002,TER_NE_02,471,70,401,277890,180628.5,48,44,10,2025,484.0,443.0,478.6666666666667,473.0,-2.0
2025-11-01,2025,11,PRD_002,TER_NE_02,500,80,420,295000,191750.0,55,36,11,2025,471.0,484.0,466.0,487.0,13.0
2025-12-01,2025,12,PRD_002,TER_NE_02,562,81,481,331580,215527.0,65,42,12,2025,500.0,471.0,485.0,500.0,62.0
2023-04-01,2023,4,PRD_002,TER_SO_01,613,99,514,361670,235085.5,28,55,4,2023,565.0,572.0,571.6666666666666,613.0,0.0
2023-05-01,2023,5,PRD_002,TER_SO_01,561,96,465,330990,215143.5,50,58,5,2023,613.0,565.0,583.3333333333334,561.0,0.0
2023-06-01,2023,6,PRD_002,TER_SO_01,499,85,414,294410,191366.5,27,40,6,2023,561.0,613.0,579.6666666666666,499.0,0.0
2023-07-01,2023,7,PRD_002,TER_SO_01,501,99,402,295590,192133.5,39,42,7,2023,499.0,561.0,557.6666666666666,501.0,0.0
2023-08-01,2023,8,PRD_002,TER_SO_01,528,86,442,311520,202488.0,52,55,8,2023,501.0,499.0,520.3333333333334,528.0,0.0
2023-09-01,2023,9,PRD_002,TER_SO_01,541,80,461,319190,207473.5,69,34,9,2023,528.0,501.0,509.3333333333333,541.0,0.0
2023-10-01,2023,10,PRD_002,TER_SO_01,527,80,447,310930,202104.5,35,43,10,2023,541.0,528.0,523.3333333333334,527.0,0.0
2023-11-01,2023,11,PRD_002,TER_SO_01,530,102,428,312700,203255.0,28,70,11,2023,527.0,541.0,532.0,530.0,0.0
2023-12-01,2023,12,PRD_002,TER_SO_01,579,89,490,341610,222046.5,58,42,12,2023,530.0,527.0,532.6666666666666,579.0,0.0
2024-01-01,2024,1,PRD_002,TER_SO_01,600,92,508,354000,230100.0,46,57,1,2024,579.0,530.0,545.3333333333334,600.0,0.0
2024-02-01,2024,2,PRD_002,TER_SO_01,631,112,519,372290,241988.5,63,71,2,2024,600.0,579.0,569.6666666666666,631.0,0.0
2024-03-01,2024,3,PRD_002,TER_SO_01,592,91,501,349280,227032.0,45,39,3,2024,631.0,600.0,603.3333333333334,592.0,0.0
2024-04-01,2024,4,PRD_002,TER_SO_01,653,102,551,385270,250425.5,31,46,4,2024,592.0,631.0,607.6666666666666,653.0,0.0
2024-05-01,2024,5,PRD_002,TER_SO_01,569,103,466,335710,218211.5,37,78,5,2024,653.0,592.0,625.3333333333334,569.0,0.0
2024-06-01,2024,6,PRD_002,TER_SO_01,640,107,533,377600,245440.0,42,63,6,2024,569.0,653.0,604.6666666666666,640.0,0.0
2024-07-01,2024,7,PRD_002,TER_SO_01,567,112,455,334530,217444.5,70,45,7,2024,640.0,569.0,620.6666666666666,567.0,0.0
2024-08-01,2024,8,PRD_002,TER_SO_01,577,83,494,340430,221279.5,26,53,8,2024,567.0,640.0,592.0,577.0,0.0
2024-09-01,2024,9,PRD_002,TER_SO_01,518,102,416,305620,198653.0,34,72,9,2024,577.0,567.0,594.6666666666666,518.0,0.0
2024-10-01,2024,10,PRD_002,TER_SO_01,573,107,466,338070,219745.5,35,70,10,2024,518.0,577.0,554.0,573.0,0.0
2024-11-01,2024,11,PRD_002,TER_SO_01,604,87,517,356360,231634.0,25,40,11,2024,573.0,518.0,556.0,604.0,0.0
2024-12-01,2024,12,PRD_002,TER_SO_01,591,101,490,348690,226648.5,49,75,12,2024,604.0,573.0,565.0,591.0,0.0
2025-01-01,2025,1,PRD_002,TER_SO_01,604,98,506,356360,231634.0,47,52,1,2025,591.0,604.0,589.3333333333334,623.0,-19.0
2025-02-01,2025,2,PRD_002,TER_SO_01,615,125,490,362850,235852.5,49,89,2,2025,604.0,591.0,599.6666666666666,636.0,-21.0
2025-03-01,2025,3,PRD_002,TER_SO_01,664,124,540,391760,254644.0,35,55,3,2025,615.0,604.0,603.3333333333334,619.0,45.0
2025-04-01,2025,4,PRD_002,TER_SO_01,725,140,585,427750,278037.5,64,110,4,2025,664.0,615.0,627.6666666666666,602.0,123.0
2025-05-01,2025,5,PRD_002,TER_SO_01,632,94,538,372880,242372.0,70,66,5,2025,725.0,664.0,668.0,603.0,29.0
2025-06-01,2025,6,PRD_002,TER_SO_01,628,90,538,370520,240838.0,37,39,6,2025,632.0,725.0,673.6666666666666,629.0,-1.0
2025-07-01,2025,7,PRD_002,TER_SO_01,651,97,554,384090,249658.5,47,68,7,2025,628.0,632.0,661.6666666666666,601.0,50.0
2025-08-01,2025,8,PRD_002,TER_SO_01,631,102,529,372290,241988.5,61,43,8,2025,651.0,628.0,637.0,544.0,87.0
2025-09-01,2025,9,PRD_002,TER_SO_01,584,113,471,344560,223964.0,37,87,9,2025,631.0,651.0,636.6666666666666,619.0,-35.0
2025-10-01,2025,10,PRD_002,TER_SO_01,626,103,523,369340,240071.0,66,61,10,2025,584.0,631.0,622.0,600.0,26.0
2025-11-01,2025,11,PRD_002,TER_SO_01,653,137,516,385270,250425.5,67,69,11,2025,626.0,584.0,613.6666666666666,620.0,33.0
2025-12-01,2025,12,PRD_002,TER_SO_01,654,125,529,385860,250809.0,25,66,12,2025,653.0,626.0,621.0,615.0,39.0
2023-04-01,2023,4,PRD_002,TER_SO_02,550,79,471,324500,210925.0,59,48,4,2023,588.0,536.0,536.3333333333334,550.0,0.0
2023-05-01,2023,5,PRD_002,TER_SO_02,626,98,528,369340,240071.0,61,56,5,2023,550.0,588.0,558.0,626.0,0.0
2023-06-01,2023,6,PRD_002,TER_SO_02,524,93,431,309160,200954.0,40,60,6,2023,626.0,550.0,588.0,524.0,0.0
2023-07-01,2023,7,PRD_002,TER_SO_02,535,102,433,315650,205172.5,69,59,7,2023,524.0,626.0,566.6666666666666,535.0,0.0
2023-08-01,2023,8,PRD_002,TER_SO_02,507,77,430,299130,194434.5,62,54,8,2023,535.0,524.0,561.6666666666666,507.0,0.0
2023-09-01,2023,9,PRD_002,TER_SO_02,542,91,451,319780,207857.0,69,57,9,2023,507.0,535.0,522.0,542.0,0.0
2023-10-01,2023,10,PRD_002,TER_SO_02,569,110,459,335710,218211.5,53,87,10,2023,542.0,507.0,528.0,569.0,0.0
2023-11-01,2023,11,PRD_002,TER_SO_02,540,84,456,318600,207090.0,50,40,11,2023,569.0,542.0,539.3333333333334,540.0,0.0
2023-12-01,2023,12,PRD_002,TER_SO_02,599,121,478,353410,229716.5,42,63,12,2023,540.0,569.0,550.3333333333334,599.0,0.0
2024-01-01,2024,1,PRD_002,TER_SO_02,563,91,472,332170,215910.5,59,49,1,2024,599.0,540.0,569.3333333333334,563.0,0.0
2024-02-01,2024,2,PRD_002,TER_SO_02,630,96,534,371700,241605.0,66,65,2,2024,563.0,599.0,567.3333333333334,630.0,0.0
2024-03-01,2024,3,PRD_002,TER_SO_02,653,93,560,385270,250425.5,55,52,3,2024,630.0,563.0,597.3333333333334,653.0,0.0
2024-04-01,2024,4,PRD_002,TER_SO_02,575,92,483,339250,220512.5,62,51,4,2024,653.0,630.0,615.3333333333334,575.0,0.0
2024-05-01,2024,5,PRD_002,TER_SO_02,558,84,474,329220,213993.0,47,43,5,2024,575.0,653.0,619.3333333333334,558.0,0.0
2024-06-01,2024,6,PRD_002,TER_SO_02,612,127,485,361080,234702.0,63,78,6,2024,558.0,575.0,595.3333333333334,612.0,0.0
2024-07-01,2024,7,PRD_002,TER_SO_02,579,113,466,341610,222046.5,63,67,7,2024,612.0,558.0,581.6666666666666,579.0,0.0
2024-08-01,2024,8,PRD_002,TER_SO_02,609,94,515,359310,233551.5,73,58,8,2024,579.0,612.0,583.0,609.0,0.0
2024-09-01,2024,9,PRD_002,TER_SO_02,577,124,453,340430,221279.5,70,91,9,2024,609.0,579.0,600.0,577.0,0.0
2024-10-01,2024,10,PRD_002,TER_SO_02,604,91,513,356360,231634.0,49,61,10,2024,577.0,609.0,588.3333333333334,604.0,0.0
2024-11-01,2024,11,PRD_002,TER_SO_02,619,135,484,365210,237386.5,73,89,11,2024,604.0,577.0,596.6666666666666,619.0,0.0
2024-12-01,2024,12,PRD_002,TER_SO_02,572,115,457,337480,219362.0,44,91,12,2024,619.0,604.0,600.0,572.0,0.0
2025-01-01,2025,1,PRD_002,TER_SO_02,677,144,533,399430,259629.5,45,91,1,2025,572.0,619.0,598.3333333333334,641.0,36.0
2025-02-01,2025,2,PRD_002,TER_SO_02,714,105,609,421260,273819.0,42,53,2,2025,677.0,572.0,622.6666666666666,619.0,95.0
2025-03-01,2025,3,PRD_002,TER_SO_02,704,149,555,415360,269984.0,66,64,3,2025,714.0,677.0,654.3333333333334,587.0,117.0
2025-04-01,2025,4,PRD_002,TER_SO_02,666,98,568,392940,255411.0,59,61,4,2025,704.0,714.0,698.3333333333334,594.0,72.0
2025-05-01,2025,5,PRD_002,TER_SO_02,708,118,590,417720,271518.0,66,85,5,2025,666.0,704.0,694.6666666666666,618.0,90.0
2025-06-01,2025,6,PRD_002,TER_SO_02,643,129,514,379370,246590.5,30,93,6,2025,708.0,666.0,692.6666666666666,622.0,21.0
2025-07-01,2025,7,PRD_002,TER_SO_02,616,107,509,363440,236236.0,34,69,7,2025,643.0,708.0,672.3333333333334,621.0,-5.0
2025-08-01,2025,8,PRD_002,TER_SO_02,600,130,470,354000,230100.0,72,55,8,2025,616.0,643.0,655.6666666666666,598.0,2.0
2025-09-01,2025,9,PRD_002,TER_SO_02,664,137,527,391760,254644.0,74,60,9,2025,600.0,616.0,619.6666666666666,610.0,54.0
2025-10-01,2025,10,PRD_002,TER_SO_02,674,143,531,397660,258479.0,41,106,10,2025,664.0,600.0,626.6666666666666,614.0,60.0
2025-11-01,2025,11,PRD_002,TER_SO_02,737,121,616,434830,282639.5,40,80,11,2025,674.0,664.0,646.0,658.0,79.0
2025-12-01,2025,12,PRD_002,TER_SO_02,611,112,499,360490,234318.5,30,77,12,2025,737.0,674.0,691.6666666666666,680.0,-69.0
2023-04-01,2023,4,PRD_002,TER_WE_01,601,117,484,354590,230483.5,69,91,4,2023,568.0,561.0,559.3333333333334,601.0,0.0
2023-05-01,2023,5,PRD_002,TER_WE_01,542,102,440,319780,207857.0,50,41,5,2023,601.0,568.0,576.6666666666666,542.0,0.0
2023-06-01,2023,6,PRD_002,TER_WE_01,601,91,510,354590,230483.5,63,42,6,2023,542.0,601.0,570.3333333333334,601.0,0.0
2023-07-01,2023,7,PRD_002,TER_WE_01,545,86,459,321550,209007.5,53,53,7,2023,601.0,542.0,581.3333333333334,545.0,0.0
2023-08-01,2023,8,PRD_002,TER_WE_01,500,70,430,295000,191750.0,47,30,8,2023,545.0,601.0,562.6666666666666,500.0,0.0
2023-09-01,2023,9,PRD_002,TER_WE_01,537,108,429,316830,205939.5,64,44,9,2023,500.0,545.0,548.6666666666666,537.0,0.0
2023-10-01,2023,10,PRD_002,TER_WE_01,536,96,440,316240,205556.0,28,75,10,2023,537.0,500.0,527.3333333333334,536.0,0.0
2023-11-01,2023,11,PRD_002,TER_WE_01,550,81,469,324500,210925.0,32,43,11,2023,536.0,537.0,524.3333333333334,550.0,0.0
2023-12-01,2023,12,PRD_002,TER_WE_01,636,110,526,375240,243906.0,56,80,12,2023,550.0,536.0,541.0,636.0,0.0
2024-01-01,2024,1,PRD_002,TER_WE_01,608,124,484,358720,233168.0,65,76,1,2024,636.0,550.0,574.0,608.0,0.0
2024-02-01,2024,2,PRD_002,TER_WE_01,619,92,527,365210,237386.5,36,64,2,2024,608.0,636.0,598.0,619.0,0.0
2024-03-01,2024,3,PRD_002,TER_WE_01,621,101,520,366390,238153.5,74,40,3,2024,619.0,608.0,621.0,621.0,0.0
2024-04-01,2024,4,PRD_002,TER_WE_01,637,118,519,375830,244289.5,53,87,4,2024,621.0,619.0,616.0,637.0,0.0
2024-05-01,2024,5,PRD_002,TER_WE_01,620,132,488,365800,237770.0,42,68,5,2024,637.0,621.0,625.6666666666666,620.0,0.0
2024-06-01,2024,6,PRD_002,TER_WE_01,621,123,498,366390,238153.5,43,60,6,2024,620.0,637.0,626.0,621.0,0.0
2024-07-01,2024,7,PRD_002,TER_WE_01,570,100,470,336300,218595.0,51,40,7,2024,621.0,620.0,626.0,570.0,0.0
2024-08-01,2024,8,PRD_002,TER_WE_01,584,127,457,344560,223964.0,57,79,8,2024,570.0,621.0,603.6666666666666,584.0,0.0
2024-09-01,2024,9,PRD_002,TER_WE_01,613,100,513,361670,235085.5,25,44,9,2024,584.0,570.0,591.6666666666666,613.0,0.0
2024-10-01,2024,10,PRD_002,TER_WE_01,604,91,513,356360,231634.0,32,66,10,2024,613.0,584.0,589.0,604.0,0.0
2024-11-01,2024,11,PRD_002,TER_WE_01,611,124,487,360490,234318.5,41,70,11,2024,604.0,613.0,600.3333333333334,611.0,0.0
2024-12-01,2024,12,PRD_002,TER_WE_01,603,124,479,355770,231250.5,27,54,12,2024,611.0,604.0,609.3333333333334,603.0,0.0
2025-01-01,2025,1,PRD_002,TER_WE_01,600,104,496,354000,230100.0,27,80,1,2025,603.0,611.0,606.0,666.0,-66.0
2025-02-01,2025,2,PRD_002,TER_WE_01,672,96,576,396480,257712.0,25,48,2,2025,600.0,603.0,604.6666666666666,635.0,37.0
2025-03-01,2025,3,PRD_002,TER_WE_01,693,135,558,408870,265765.5,52,59,3,2025,672.0,600.0,625.0,607.0,86.0
2025-04-01,2025,4,PRD_002,TER_WE_01,683,113,570,402970,261930.5,38,85,4,2025,693.0,672.0,655.0,612.0,71.0
2025-05-01,2025,5,PRD_002,TER_WE_01,635,111,524,374650,243522.5,71,65,5,2025,683.0,693.0,682.6666666666666,596.0,39.0
2025-06-01,2025,6,PRD_002,TER_WE_01,654,105,549,385860,250809.0,52,62,6,2025,635.0,683.0,670.3333333333334,608.0,46.0
2025-07-01,2025,7,PRD_002,TER_WE_01,602,91,511,355180,230867.0,38,44,7,2025,654.0,635.0,657.3333333333334,572.0,30.0
2025-08-01,2025,8,PRD_002,TER_WE_01,654,101,553,385860,250809.0,34,66,8,2025,602.0,654.0,630.3333333333334,593.0,61.0
2025-09-01,2025,9,PRD_002,TER_WE_01,672,105,567,396480,257712.0,36,52,9,2025,654.0,602.0,636.6666666666666,577.0,95.0
2025-10-01,2025,10,PRD_002,TER_WE_01,590,100,490,348100,226265.0,60,47,10,2025,672.0,654.0,642.6666666666666,624.0,-34.0
2025-11-01,2025,11,PRD_002,TER_WE_01,650,111,539,383500,249275.0,36,64,11,2025,590.0,672.0,638.6666666666666,615.0,35.0
2025-12-01,2025,12,PRD_002,TER_WE_01,686,133,553,404740,263081.0,62,57,12,2025,650.0,590.0,637.3333333333334,614.0,72.0
2023-04-01,2023,4,PRD_002,TER_WE_02,623,113,510,367570,238920.5,40,76,4,2023,553.0,540.0,548.0,623.0,0.0
2023-05-01,2023,5,PRD_002,TER_WE_02,566,116,450,333940,217061.0,53,88,5,2023,623.0,553.0,572.0,566.0,0.0
2023-06-01,2023,6,PRD_002,TER_WE_02,563,120,443,332170,215910.5,44,62,6,2023,566.0,623.0,580.6666666666666,563.0,0.0
2023-07-01,2023,7,PRD_002,TER_WE_02,537,88,449,316830,205939.5,43,37,7,2023,563.0,566.0,584.0,537.0,0.0
2023-08-01,2023,8,PRD_002,TER_WE_02,499,88,411,294410,191366.5,55,49,8,2023,537.0,563.0,555.3333333333334,499.0,0.0
2023-09-01,2023,9,PRD_002,TER_WE_02,523,100,423,308570,200570.5,52,48,9,2023,499.0,537.0,533.0,523.0,0.0
2023-10-01,2023,10,PRD_002,TER_WE_02,525,106,419,309750,201337.5,59,66,10,2023,523.0,499.0,519.6666666666666,525.0,0.0
2023-11-01,2023,11,PRD_002,TER_WE_02,542,110,432,319780,207857.0,74,67,11,2023,525.0,523.0,515.6666666666666,542.0,0.0
2023-12-01,2023,12,PRD_002,TER_WE_02,613,94,519,361670,235085.5,55,44,12,2023,542.0,525.0,530.0,613.0,0.0
2024-01-01,2024,1,PRD_002,TER_WE_02,595,123,472,351050,228182.5,54,52,1,2024,613.0,542.0,560.0,595.0,0.0
2024-02-01,2024,2,PRD_002,TER_WE_02,641,120,521,378190,245823.5,32,63,2,2024,595.0,613.0,583.3333333333334,641.0,0.0
2024-03-01,2024,3,PRD_002,TER_WE_02,645,129,516,380550,247357.5,57,80,3,2024,641.0,595.0,616.3333333333334,645.0,0.0
2024-04-01,2024,4,PRD_002,TER_WE_02,528,81,447,311520,202488.0,63,64,4,2024,645.0,641.0,627.0,528.0,0.0
2024-05-01,2024,5,PRD_002,TER_WE_02,584,104,480,344560,223964.0,66,71,5,2024,528.0,645.0,604.6666666666666,584.0,0.0
2024-06-01,2024,6,PRD_002,TER_WE_02,604,122,482,356360,231634.0,61,74,6,2024,584.0,528.0,585.6666666666666,604.0,0.0
2024-07-01,2024,7,PRD_002,TER_WE_02,625,105,520,368750,239687.5,39,75,7,2024,604.0,584.0,572.0,625.0,0.0
2024-08-01,2024,8,PRD_002,TER_WE_02,516,92,424,304440,197886.0,42,64,8,2024,625.0,604.0,604.3333333333334,516.0,0.0
2024-09-01,2024,9,PRD_002,TER_WE_02,582,113,469,343380,223197.0,39,58,9,2024,516.0,625.0,581.6666666666666,582.0,0.0
2024-10-01,2024,10,PRD_002,TER_WE_02,603,99,504,355770,231250.5,43,58,10,2024,582.0,516.0,574.3333333333334,603.0,0.0
2024-11-01,2024,11,PRD_002,TER_WE_02,600,97,503,354000,230100.0,41,64,11,2024,603.0,582.0,567.0,600.0,0.0
2024-12-01,2024,12,PRD_002,TER_WE_02,651,120,531,384090,249658.5,60,89,12,2024,600.0,603.0,595.0,651.0,0.0
2025-01-01,2025,1,PRD_002,TER_WE_02,657,102,555,387630,251959.5,52,79,1,2025,651.0,600.0,618.0,638.0,19.0
2025-02-01,2025,2,PRD_002,TER_WE_02,712,102,610,420080,273052.0,39,44,2,2025,657.0,651.0,636.0,594.0,118.0
2025-03-01,2025,3,PRD_002,TER_WE_02,677,122,555,399430,259629.5,36,89,3,2025,712.0,657.0,673.3333333333334,631.0,46.0
2025-04-01,2025,4,PRD_002,TER_WE_02,725,128,597,427750,278037.5,36,85,4,2025,677.0,712.0,682.0,638.0,87.0
2025-05-01,2025,5,PRD_002,TER_WE_02,649,116,533,382910,248891.5,59,54,5,2025,725.0,677.0,704.6666666666666,586.0,63.0
2025-06-01,2025,6,PRD_002,TER_WE_02,641,105,536,378190,245823.5,66,78,6,2025,649.0,725.0,683.6666666666666,613.0,28.0
2025-07-01,2025,7,PRD_002,TER_WE_02,604,117,487,356360,231634.0,31,77,7,2025,641.0,649.0,671.6666666666666,614.0,-10.0
2025-08-01,2025,8,PRD_002,TER_WE_02,671,108,563,395890,257328.5,66,64,8,2025,604.0,641.0,631.3333333333334,562.0,109.0
2025-09-01,2025,9,PRD_002,TER_WE_02,622,91,531,366980,238537.0,41,43,9,2025,671.0,604.0,638.6666666666666,566.0,56.0
2025-10-01,2025,10,PRD_002,TER_WE_02,617,131,486,364030,236619.5,51,77,10,2025,622.0,671.0,632.3333333333334,611.0,6.0
2025-11-01,2025,11,PRD_002,TER_WE_02,632,107,525,372880,242372.0,66,76,11,2025,617.0,622.0,636.6666666666666,626.0,6.0
2025-12-01,2025,12,PRD_002,TER_WE_02,738,110,628,435420,283023.0,54,77,12,2025,632.0,617.0,623.6666666666666,642.0,96.0
2023-04-01,2023,4,PRD_003,TER_MW_01,474,78,396,7110,4621.5,63,38,4,2023,444.0,442.0,451.0,474.0,0.0
2023-05-01,2023,5,PRD_003,TER_MW_01,481,73,408,7215,4689.75,48,51,5,2023,474.0,444.0,453.3333333333333,481.0,0.0
2023-06-01,2023,6,PRD_003,TER_MW_01,458,90,368,6870,4465.5,72,57,6,2023,481.0,474.0,466.3333333333333,458.0,0.0
2023-07-01,2023,7,PRD_003,TER_MW_01,425,59,366,6375,4143.75,58,41,7,2023,458.0,481.0,471.0,425.0,0.0
2023-08-01,2023,8,PRD_003,TER_MW_01,414,75,339,6210,4036.5,63,46,8,2023,425.0,458.0,454.6666666666667,414.0,0.0
2023-09-01,2023,9,PRD_003,TER_MW_01,411,61,350,6165,4007.25,49,41,9,2023,414.0,425.0,432.3333333333333,411.0,0.0
2023-10-01,2023,10,PRD_003,TER_MW_01,454,70,384,6810,4426.5,55,47,10,2023,411.0,414.0,416.6666666666667,454.0,0.0
2023-11-01,2023,11,PRD_003,TER_MW_01,473,86,387,7095,4611.75,70,60,11,2023,454.0,411.0,426.3333333333333,473.0,0.0
2023-12-01,2023,12,PRD_003,TER_MW_01,457,84,373,6855,4455.75,42,63,12,2023,473.0,454.0,446.0,457.0,0.0
2024-01-01,2024,1,PRD_003,TER_MW_01,481,70,411,7215,4689.75,25,34,1,2024,457.0,473.0,461.3333333333333,481.0,0.0
2024-02-01,2024,2,PRD_003,TER_MW_01,478,70,408,7170,4660.5,36,42,2,2024,481.0,457.0,470.3333333333333,478.0,0.0
2024-03-01,2024,3,PRD_003,TER_MW_01,423,68,355,6345,4124.25,52,34,3,2024,478.0,481.0,472.0,423.0,0.0
2024-04-01,2024,4,PRD_003,TER_MW_01,531,79,452,7965,5177.25,55,39,4,2024,423.0,478.0,460.6666666666667,531.0,0.0
2024-05-01,2024,5,PRD_003,TER_MW_01,524,91,433,7860,5109.0,67,50,5,2024,531.0,423.0,477.3333333333333,524.0,0.0
2024-06-01,2024,6,PRD_003,TER_MW_01,479,87,392,7185,4670.25,64,37,6,2024,524.0,531.0,492.6666666666667,479.0,0.0
2024-07-01,2024,7,PRD_003,TER_MW_01,512,72,440,7680,4992.0,37,44,7,2024,479.0,524.0,511.3333333333333,512.0,0.0
2024-08-01,2024,8,PRD_003,TER_MW_01,476,89,387,7140,4641.0,49,49,8,2024,512.0,479.0,505.0,476.0,0.0
2024-09-01,2024,9,PRD_003,TER_MW_01,405,82,323,6075,3948.75,71,64,9,2024,476.0,512.0,489.0,405.0,0.0
2024-10-01,2024,10,PRD_003,TER_MW_01,515,104,411,7725,5021.25,48,60,10,2024,405.0,476.0,464.3333333333333,515.0,0.0
2024-11-01,2024,11,PRD_003,TER_MW_01,464,65,399,6960,4524.0,48,51,11,2024,515.0,405.0,465.3333333333333,464.0,0.0
2024-12-01,2024,12,PRD_003,TER_MW_01,502,84,418,7530,4894.5,55,50,12,2024,464.0,515.0,461.3333333333333,502.0,0.0
2025-01-01,2025,1,PRD_003,TER_MW_01,537,86,451,8055,5235.75,59,42,1,2025,502.0,464.0,493.6666666666667,512.0,25.0
2025-02-01,2025,2,PRD_003,TER_MW_01,534,108,426,8010,5206.5,25,58,2,2025,537.0,502.0,501.0,540.0,-6.0
2025-03-01,2025,3,PRD_003,TER_MW_01,527,91,436,7905,5138.25,27,58,3,2025,534.0,537.0,524.3333333333334,558.0,-31.0
2025-04-01,2025,4,PRD_003,TER_MW_01,518,110,408,7770,5050.5,69,59,4,2025,527.0,534.0,532.6666666666666,544.0,-26.0
2025-05-01,2025,5,PRD_003,TER_MW_01,533,80,453,7995,5196.75,53,56,5,2025,518.0,527.0,526.3333333333334,524.0,9.0
2025-06-01,2025,6,PRD_003,TER_MW_01,510,92,418,7650,4972.5,74,40,6,2025,533.0,518.0,526.0,503.0,7.0
2025-07-01,2025,7,PRD_003,TER_MW_01,524,103,421,7860,5109.0,72,76,7,2025,510.0,533.0,520.3333333333334,470.0,54.0
2025-08-01,2025,8,PRD_003,TER_MW_01,495,102,393,7425,4826.25,72,41,8,2025,524.0,510.0,522.3333333333334,485.0,10.0
2025-09-01,2025,9,PRD_003,TER_MW_01,531,116,415,7965,5177.25,59,68,9,2025,495.0,524.0,509.6666666666667,500.0,31.0
2025-10-01,2025,10,PRD_003,TER_MW_01,497,69,428,7455,4845.75,62,39,10,2025,531.0,495.0,516.6666666666666,492.0,5.0
2025-11-01,2025,11,PRD_003,TER_MW_01,563,108,455,8445,5489.25,57,47,11,2025,497.0,531.0,507.6666666666667,510.0,53.0
2025-12-01,2025,12,PRD_003,TER_MW_01,544,94,450,8160,5304.0,41,37,12,2025,563.0,497.0,530.3333333333334,565.0,-21.0
2023-04-01,2023,4,PRD_003,TER_MW_02,451,86,365,6765,4397.25,37,55,4,2023,459.0,413.0,449.0,451.0,0.0
2023-05-01,2023,5,PRD_003,TER_MW_02,476,99,377,7140,4641.0,68,40,5,2023,451.0,459.0,441.0,476.0,0.0
2023-06-01,2023,6,PRD_003,TER_MW_02,414,75,339,6210,4036.5,26,55,6,2023,476.0,451.0,462.0,414.0,0.0
2023-07-01,2023,7,PRD_003,TER_MW_02,475,87,388,7125,4631.25,49,55,7,2023,414.0,476.0,447.0,475.0,0.0
2023-08-01,2023,8,PRD_003,TER_MW_02,440,88,352,6600,4290.0,64,48,8,2023,475.0,414.0,455.0,440.0,0.0
2023-09-01,2023,9,PRD_003,TER_MW_02,414,73,341,6210,4036.5,64,58,9,2023,440.0,475.0,443.0,414.0,0.0
2023-10-01,2023,10,PRD_003,TER_MW_02,434,89,345,6510,4231.5,45,63,10,2023,414.0,440.0,443.0,434.0,0.0
2023-11-01,2023,11,PRD_003,TER_MW_02,409,76,333,6135,3987.75,28,36,11,2023,434.0,414.0,429.3333333333333,409.0,0.0
2023-12-01,2023,12,PRD_003,TER_MW_02,483,99,384,7245,4709.25,28,79,12,2023,409.0,434.0,419.0,483.0,0.0
2024-01-01,2024,1,PRD_003,TER_MW_02,508,106,402,7620,4953.0,68,61,1,2024,483.0,409.0,442.0,508.0,0.0
2024-02-01,2024,2,PRD_003,TER_MW_02,503,104,399,7545,4904.25,74,53,2,2024,508.0,483.0,466.6666666666667,503.0,0.0
2024-03-01,2024,3,PRD_003,TER_MW_02,512,91,421,7680,4992.0,71,46,3,2024,503.0,508.0,498.0,512.0,0.0
2024-04-01,2024,4,PRD_003,TER_MW_02,531,106,425,7965,5177.25,67,61,4,2024,512.0,503.0,507.6666666666667,531.0,0.0
2024-05-01,2024,5,PRD_003,TER_MW_02,488,103,385,7320,4758.0,36,58,5,2024,531.0,512.0,515.3333333333334,488.0,0.0
2024-06-01,2024,6,PRD_003,TER_MW_02,477,78,399,7155,4650.75,45,61,6,2024,488.0,531.0,510.3333333333333,477.0,0.0
2024-07-01,2024,7,PRD_003,TER_MW_02,492,83,409,7380,4797.0,70,47,7,2024,477.0,488.0,498.6666666666667,492.0,0.0
2024-08-01,2024,8,PRD_003,TER_MW_02,453,87,366,6795,4416.75,28,47,8,2024,492.0,477.0,485.6666666666667,453.0,0.0
2024-09-01,2024,9,PRD_003,TER_MW_02,431,88,343,6465,4202.25,37,46,9,2024,453.0,492.0,474.0,431.0,0.0
2024-10-01,2024,10,PRD_003,TER_MW_02,473,79,394,7095,4611.75,32,47,10,2024,431.0,453.0,458.6666666666667,473.0,0.0
2024-11-01,2024,11,PRD_003,TER_MW_02,503,72,431,7545,4904.25,54,32,11,2024,473.0,431.0,452.3333333333333,503.0,0.0
2024-12-01,2024,12,PRD_003,TER_MW_02,493,104,389,7395,4806.75,48,76,12,2024,503.0,473.0,469.0,493.0,0.0
2025-01-01,2025,1,PRD_003,TER_MW_02,530,91,439,7950,5167.5,42,52,1,2025,493.0,503.0,489.6666666666667,511.0,19.0
2025-02-01,2025,2,PRD_003,TER_MW_02,535,82,453,8025,5216.25,29,48,2,2025,530.0,493.0,508.6666666666667,536.0,-1.0
2025-03-01,2025,3,PRD_003,TER_MW_02,513,112,401,7695,5001.75,50,46,3,2025,535.0,530.0,519.3333333333334,530.0,-17.0
2025-04-01,2025,4,PRD_003,TER_MW_02,534,77,457,8010,5206.5,39,43,4,2025,513.0,535.0,526.0,540.0,-6.0
2025-05-01,2025,5,PRD_003,TER_MW_02,502,90,412,7530,4894.5,30,53,5,2025,534.0,513.0,527.3333333333334,538.0,-36.0
2025-06-01,2025,6,PRD_003,TER_MW_02,522,108,414,7830,5089.5,37,70,6,2025,502.0,534.0,516.3333333333334,506.0,16.0
2025-07-01,2025,7,PRD_003,TER_MW_02,505,100,405,7575,4923.75,38,64,7,2025,522.0,502.0,519.3333333333334,506.0,-1.0
2025-08-01,2025,8,PRD_003,TER_MW_02,514,96,418,7710,5011.5,38,68,8,2025,505.0,522.0,509.6666666666667,490.0,24.0
2025-09-01,2025,9,PRD_003,TER_MW_02,515,105,410,7725,5021.25,58,49,9,2025,514.0,505.0,513.6666666666666,498.0,17.0
2025-10-01,2025,10,PRD_003,TER_MW_02,506,109,397,7590,4933.5,34,51,10,2025,515.0,514.0,511.3333333333333,514.0,-8.0
2025-11-01,2025,11,PRD_003,TER_MW_02,513,89,424,7695,5001.75,47,69,11,2025,506.0,515.0,511.6666666666667,540.0,-27.0
2025-12-01,2025,12,PRD_003,TER_MW_02,524,113,411,7860,5109.0,61,82,12,2025,513.0,506.0,511.3333333333333,560.0,-36.0
2023-04-01,2023,4,PRD_003,TER_NE_01,452,68,384,6780,4407.0,50,38,4,2023,428.0,432.0,430.3333333333333,452.0,0.0
2023-05-01,2023,5,PRD_003,TER_NE_01,459,92,367,6885,4475.25,37,68,5,2023,452.0,428.0,437.3333333333333,459.0,0.0
2023-06-01,2023,6,PRD_003,TER_NE_01,444,84,360,6660,4329.0,71,52,6,2023,459.0,452.0,446.3333333333333,444.0,0.0
2023-07-01,2023,7,PRD_003,TER_NE_01,445,87,358,6675,4338.75,28,50,7,2023,444.0,459.0,451.6666666666667,445.0,0.0
2023-08-01,2023,8,PRD_003,TER_NE_01,402,67,335,6030,3919.5,46,46,8,2023,445.0,444.0,449.3333333333333,402.0,0.0
2023-09-01,2023,9,PRD_003,TER_NE_01,429,85,344,6435,4182.75,52,67,9,2023,402.0,445.0,430.3333333333333,429.0,0.0
2023-10-01,2023,10,PRD_003,TER_NE_01,421,74,347,6315,4104.75,26,42,10,2023,429.0,402.0,425.3333333333333,421.0,0.0
2023-11-01,2023,11,PRD_003,TER_NE_01,462,70,392,6930,4504.5,52,36,11,2023,421.0,429.0,417.3333333333333,462.0,0.0
2023-12-01,2023,12,PRD_003,TER_NE_01,426,69,357,6390,4153.5,33,44,12,2023,462.0,421.0,437.3333333333333,426.0,0.0
2024-01-01,2024,1,PRD_003,TER_NE_01,452,74,378,6780,4407.0,49,54,1,2024,426.0,462.0,436.3333333333333,452.0,0.0
2024-02-01,2024,2,PRD_003,TER_NE_01,480,76,404,7200,4680.0,26,46,2,2024,452.0,426.0,446.6666666666667,480.0,0.0
2024-03-01,2024,3,PRD_003,TER_NE_01,500,106,394,7500,4875.0,31,56,3,2024,480.0,452.0,452.6666666666667,500.0,0.0
2024-04-01,2024,4,PRD_003,TER_NE_01,475,101,374,7125,4631.25,57,80,4,2024,500.0,480.0,477.3333333333333,475.0,0.0
2024-05-01,2024,5,PRD_003,TER_NE_01,472,79,393,7080,4602.0,61,47,5,2024,475.0,500.0,485.0,472.0,0.0
2024-06-01,2024,6,PRD_003,TER_NE_01,489,98,391,7335,4767.75,35,51,6,2024,472.0,475.0,482.3333333333333,489.0,0.0
2024-07-01,2024,7,PRD_003,TER_NE_01,478,92,386,7170,4660.5,40,48,7,2024,489.0,472.0,478.6666666666667,478.0,0.0
2024-08-01,2024,8,PRD_003,TER_NE_01,443,79,364,6645,4319.25,25,31,8,2024,478.0,489.0,479.6666666666667,443.0,0.0
2024-09-01,2024,9,PRD_003,TER_NE_01,460,68,392,6900,4485.0,73,29,9,2024,443.0,478.0,470.0,460.0,0.0
2024-10-01,2024,10,PRD_003,TER_NE_01,443,90,353,6645,4319.25,38,56,10,2024,460.0,443.0,460.3333333333333,443.0,0.0
2024-11-01,2024,11,PRD_003,TER_NE_01,479,94,385,7185,4670.25,74,67,11,2024,443.0,460.0,448.6666666666667,479.0,0.0
2024-12-01,2024,12,PRD_003,TER_NE_01,458,88,370,6870,4465.5,51,53,12,2024,479.0,443.0,460.6666666666667,458.0,0.0
2025-01-01,2025,1,PRD_003,TER_NE_01,506,81,425,7590,4933.5,40,58,1,2025,458.0,479.0,460.0,494.0,12.0
2025-02-01,2025,2,PRD_003,TER_NE_01,554,89,465,8310,5401.5,25,66,2,2025,506.0,458.0,481.0,507.0,47.0
2025-03-01,2025,3,PRD_003,TER_NE_01,542,84,458,8130,5284.5,69,60,3,2025,554.0,506.0,506.0,520.0,22.0
2025-04-01,2025,4,PRD_003,TER_NE_01,534,111,423,8010,5206.5,64,62,4,2025,542.0,554.0,534.0,569.0,-35.0
2025-05-01,2025,5,PRD_003,TER_NE_01,524,113,411,7860,5109.0,56,51,5,2025,534.0,542.0,543.3333333333334,547.0,-23.0
2025-06-01,2025,6,PRD_003,TER_NE_01,557,94,463,8355,5430.75,72,53,6,2025,524.0,534.0,533.3333333333334,527.0,30.0
2025-07-01,2025,7,PRD_003,TER_NE_01,545,90,455,8175,5313.75,60,59,7,2025,557.0,524.0,538.3333333333334,544.0,1.0
2025-08-01,2025,8,PRD_003,TER_NE_01,478,84,394,7170,4660.5,68,36,8,2025,545.0,557.0,542.0,529.0,-51.0
2025-09-01,2025,9,PRD_003,TER_NE_01,517,78,439,7755,5040.75,36,51,9,2025,478.0,545.0,526.6666666666666,530.0,-13.0
2025-10-01,2025,10,PRD_003,TER_NE_01,538,108,430,8070,5245.5,35,73,10,2025,517.0,478.0,513.3333333333334,530.0,8.0
2025-11-01,2025,11,PRD_003,TER_NE_01,520,74,446,7800,5070.0,51,48,11,2025,538.0,517.0,511.0,532.0,-12.0
2025-12-01,2025,12,PRD_003,TER_NE_01,521,110,411,7815,5079.75,45,45,12,2025,520.0,538.0,525.0,564.0,-43.0
2023-04-01,2023,4,PRD_003,TER_NE_02,419,68,351,6285,4085.25,58,34,4,2023,474.0,437.0,448.0,419.0,0.0
2023-05-01,2023,5,PRD_003,TER_NE_02,450,90,360,6750,4387.5,60,44,5,2023,419.0,474.0,443.3333333333333,450.0,0.0
2023-06-01,2023,6,PRD_003,TER_NE_02,422,80,342,6330,4114.5,46,62,6,2023,450.0,419.0,447.6666666666667,422.0,0.0
2023-07-01,2023,7,PRD_003,TER_NE_02,462,91,371,6930,4504.5,55,62,7,2023,422.0,450.0,430.3333333333333,462.0,0.0
2023-08-01,2023,8,PRD_003,TER_NE_02,444,82,362,6660,4329.0,36,58,8,2023,462.0,422.0,444.6666666666667,444.0,0.0
2023-09-01,2023,9,PRD_003,TER_NE_02,431,69,362,6465,4202.25,55,49,9,2023,444.0,462.0,442.6666666666667,431.0,0.0
2023-10-01,2023,10,PRD_003,TER_NE_02,445,78,367,6675,4338.75,26,41,10,2023,431.0,444.0,445.6666666666667,445.0,0.0
2023-11-01,2023,11,PRD_003,TER_NE_02,480,72,408,7200,4680.0,71,53,11,2023,445.0,431.0,440.0,480.0,0.0
2023-12-01,2023,12,PRD_003,TER_NE_02,462,79,383,6930,4504.5,64,52,12,2023,480.0,445.0,452.0,462.0,0.0
2024-01-01,2024,1,PRD_003,TER_NE_02,452,96,356,6780,4407.0,27,62,1,2024,462.0,480.0,462.3333333333333,452.0,0.0
2024-02-01,2024,2,PRD_003,TER_NE_02,491,81,410,7365,4787.25,60,38,2,2024,452.0,462.0,464.6666666666667,491.0,0.0
2024-03-01,2024,3,PRD_003,TER_NE_02,457,86,371,6855,4455.75,40,67,3,2024,491.0,452.0,468.3333333333333,457.0,0.0
2024-04-01,2024,4,PRD_003,TER_NE_02,474,69,405,7110,4621.5,57,50,4,2024,457.0,491.0,466.6666666666667,474.0,0.0
2024-05-01,2024,5,PRD_003,TER_NE_02,504,75,429,7560,4914.0,27,59,5,2024,474.0,457.0,474.0,504.0,0.0
2024-06-01,2024,6,PRD_003,TER_NE_02,481,73,408,7215,4689.75,54,38,6,2024,504.0,474.0,478.3333333333333,481.0,0.0
2024-07-01,2024,7,PRD_003,TER_NE_02,417,69,348,6255,4065.75,73,47,7,2024,481.0,504.0,486.3333333333333,417.0,0.0
2024-08-01,2024,8,PRD_003,TER_NE_02,487,97,390,7305,4748.25,38,49,8,2024,417.0,481.0,467.3333333333333,487.0,0.0
2024-09-01,2024,9,PRD_003,TER_NE_02,463,86,377,6945,4514.25,52,41,9,2024,487.0,417.0,461.6666666666667,463.0,0.0
2024-10-01,2024,10,PRD_003,TER_NE_02,467,80,387,7005,4553.25,49,62,10,2024,463.0,487.0,455.6666666666667,467.0,0.0
2024-11-01,2024,11,PRD_003,TER_NE_02,477,67,410,7155,4650.75,70,38,11,2024,467.0,463.0,472.3333333333333,477.0,0.0
2024-12-01,2024,12,PRD_003,TER_NE_02,505,92,413,7575,4923.75,50,67,12,2024,477.0,467.0,469.0,505.0,0.0
2025-01-01,2025,1,PRD_003,TER_NE_02,503,88,415,7545,4904.25,66,46,1,2025,505.0,477.0,483.0,516.0,-13.0
2025-02-01,2025,2,PRD_003,TER_NE_02,550,83,467,8250,5362.5,43,39,2,2025,503.0,505.0,495.0,513.0,37.0
2025-03-01,2025,3,PRD_003,TER_NE_02,544,87,457,8160,5304.0,46,42,3,2025,550.0,503.0,519.3333333333334,532.0,12.0
2025-04-01,2025,4,PRD_003,TER_NE_02,546,98,448,8190,5323.5,39,53,4,2025,544.0,550.0,532.3333333333334,569.0,-23.0
2025-05-01,2025,5,PRD_003,TER_NE_02,512,101,411,7680,4992.0,44,56,5,2025,546.0,544.0,546.6666666666666,549.0,-37.0
2025-06-01,2025,6,PRD_003,TER_NE_02,521,87,434,7815,5079.75,50,43,6,2025,512.0,546.0,534.0,516.0,5.0
2025-07-01,2025,7,PRD_003,TER_NE_02,488,79,409,7320,4758.0,60,34,7,2025,521.0,512.0,526.3333333333334,523.0,-35.0
2025-08-01,2025,8,PRD_003,TER_NE_02,465,101,364,6975,4533.75,58,43,8,2025,488.0,521.0,507.0,461.0,4.0
2025-09-01,2025,9,PRD_003,TER_NE_02,502,99,403,7530,4894.5,35,48,9,2025,465.0,488.0,491.3333333333333,476.0,26.0
2025-10-01,2025,10,PRD_003,TER_NE_02,523,98,425,7845,5099.25,70,52,10,2025,502.0,465.0,485.0,484.0,39.0
2025-11-01,2025,11,PRD_003,TER_NE_02,568,117,451,8520,5538.0,25,84,11,2025,523.0,502.0,496.6666666666667,517.0,51.0
2025-12-01,2025,12,PRD_003,TER_NE_02,544,101,443,8160,5304.0,64,78,12,2025,568.0,523.0,531.0,593.0,-49.0
2023-04-01,2023,4,PRD_003,TER_SO_01,608,91,517,9120,5928.0,41,62,4,2023,546.0,556.0,539.3333333333334,608.0,0.0
2023-05-01,2023,5,PRD_003,TER_SO_01,527,87,440,7905,5138.25,26,52,5,2023,608.0,546.0,570.0,527.0,0.0
2023-06-01,2023,6,PRD_003,TER_SO_01,565,88,477,8475,5508.75,46,57,6,2023,527.0,608.0,560.3333333333334,565.0,0.0
2023-07-01,2023,7,PRD_003,TER_SO_01,576,104,472,8640,5616.0,63,69,7,2023,565.0,527.0,566.6666666666666,576.0,0.0
2023-08-01,2023,8,PRD_003,TER_SO_01,528,105,423,7920,5148.0,36,62,8,2023,576.0,565.0,556.0,528.0,0.0
2023-09-01,2023,9,PRD_003,TER_SO_01,500,97,403,7500,4875.0,66,70,9,2023,528.0,576.0,556.3333333333334,500.0,0.0
2023-10-01,2023,10,PRD_003,TER_SO_01,555,88,467,8325,5411.25,48,53,10,2023,500.0,528.0,534.6666666666666,555.0,0.0
2023-11-01,2023,11,PRD_003,TER_SO_01,582,124,458,8730,5674.5,60,88,11,2023,555.0,500.0,527.6666666666666,582.0,0.0
2023-12-01,2023,12,PRD_003,TER_SO_01,547,115,432,8205,5333.25,72,60,12,2023,582.0,555.0,545.6666666666666,547.0,0.0
2024-01-01,2024,1,PRD_003,TER_SO_01,552,82,470,8280,5382.0,60,63,1,2024,547.0,582.0,561.3333333333334,552.0,0.0
2024-02-01,2024,2,PRD_003,TER_SO_01,553,118,435,8295,5391.75,48,65,2,2024,552.0,547.0,560.3333333333334,553.0,0.0
2024-03-01,2024,3,PRD_003,TER_SO_01,602,132,470,9030,5869.5,27,96,3,2024,553.0,552.0,550.6666666666666,602.0,0.0
2024-04-01,2024,4,PRD_003,TER_SO_01,619,127,492,9285,6035.25,68,80,4,2024,602.0,553.0,569.0,619.0,0.0
2024-05-01,2024,5,PRD_003,TER_SO_01,664,115,549,9960,6474.0,45,74,5,2024,619.0,602.0,591.3333333333334,664.0,0.0
2024-06-01,2024,6,PRD_003,TER_SO_01,558,88,470,8370,5440.5,48,44,6,2024,664.0,619.0,628.3333333333334,558.0,0.0
2024-07-01,2024,7,PRD_003,TER_SO_01,550,107,443,8250,5362.5,34,45,7,2024,558.0,664.0,613.6666666666666,550.0,0.0
2024-08-01,2024,8,PRD_003,TER_SO_01,593,101,492,8895,5781.75,49,70,8,2024,550.0,558.0,590.6666666666666,593.0,0.0
2024-09-01,2024,9,PRD_003,TER_SO_01,544,86,458,8160,5304.0,49,54,9,2024,593.0,550.0,567.0,544.0,0.0
2024-10-01,2024,10,PRD_003,TER_SO_01,575,97,478,8625,5606.25,52,39,10,2024,544.0,593.0,562.3333333333334,575.0,0.0
2024-11-01,2024,11,PRD_003,TER_SO_01,627,99,528,9405,6113.25,49,55,11,2024,575.0,544.0,570.6666666666666,627.0,0.0
2024-12-01,2024,12,PRD_003,TER_SO_01,655,96,559,9825,6386.25,44,62,12,2024,627.0,575.0,582.0,655.0,0.0
2025-01-01,2025,1,PRD_003,TER_SO_01,651,104,547,9765,6347.25,57,68,1,2025,655.0,627.0,619.0,640.0,11.0
2025-02-01,2025,2,PRD_003,TER_SO_01,736,118,618,11040,7176.0,71,55,2,2025,651.0,655.0,644.3333333333334,628.0,108.0
2025-03-01,2025,3,PRD_003,TER_SO_01,624,102,522,9360,6084.0,49,71,3,2025,736.0,651.0,680.6666666666666,657.0,-33.0
2025-04-01,2025,4,PRD_003,TER_SO_01,660,123,537,9900,6435.0,51,61,4,2025,624.0,736.0,670.3333333333334,612.0,48.0
2025-05-01,2025,5,PRD_003,TER_SO_01,656,132,524,9840,6396.0,64,61,5,2025,660.0,624.0,673.3333333333334,610.0,46.0
2025-06-01,2025,6,PRD_003,TER_SO_01,591,102,489,8865,5762.25,33,42,6,2025,656.0,660.0,646.6666666666666,601.0,-10.0
2025-07-01,2025,7,PRD_003,TER_SO_01,706,143,563,10590,6883.5,37,88,7,2025,591.0,656.0,635.6666666666666,620.0,86.0
2025-08-01,2025,8,PRD_003,TER_SO_01,627,97,530,9405,6113.25,56,50,8,2025,706.0,591.0,651.0,586.0,41.0
2025-09-01,2025,9,PRD_003,TER_SO_01,666,118,548,9990,6493.5,64,59,9,2025,627.0,706.0,641.3333333333334,604.0,62.0
2025-10-01,2025,10,PRD_003,TER_SO_01,642,124,518,9630,6259.5,73,97,10,2025,666.0,627.0,666.3333333333334,659.0,-17.0
2025-11-01,2025,11,PRD_003,TER_SO_01,637,122,515,9555,6210.75,35,64,11,2025,642.0,666.0,645.0,635.0,2.0
2025-12-01,2025,12,PRD_003,TER_SO_01,658,109,549,9870,6415.5,45,81,12,2025,637.0,642.0,648.3333333333334,658.0,0.0
2023-04-01,2023,4,PRD_003,TER_SO_02,532,111,421,7980,5187.0,34,70,4,2023,506.0,650.0,549.0,532.0,0.0
2023-05-01,2023,5,PRD_003,TER_SO_02,579,118,461,8685,5645.25,46,67,5,2023,532.0,506.0,562.6666666666666,579.0,0.0
2023-06-01,2023,6,PRD_003,TER_SO_02,559,94,465,8385,5450.25,69,52,6,2023,579.0,532.0,539.0,559.0,0.0
2023-07-01,2023,7,PRD_003,TER_SO_02,478,95,383,7170,4660.5,59,63,7,2023,559.0,579.0,556.6666666666666,478.0,0.0
2023-08-01,2023,8,PRD_003,TER_SO_02,492,101,391,7380,4797.0,31,45,8,2023,478.0,559.0,538.6666666666666,492.0,0.0
2023-09-01,2023,9,PRD_003,TER_SO_02,534,109,425,8010,5206.5,62,82,9,2023,492.0,478.0,509.6666666666667,534.0,0.0
2023-10-01,2023,10,PRD_003,TER_SO_02,518,75,443,7770,5050.5,35,59,10,2023,534.0,492.0,501.3333333333333,518.0,0.0
2023-11-01,2023,11,PRD_003,TER_SO_02,535,86,449,8025,5216.25,31,57,11,2023,518.0,534.0,514.6666666666666,535.0,0.0
2023-12-01,2023,12,PRD_003,TER_SO_02,604,87,517,9060,5889.0,54,43,12,2023,535.0,518.0,529.0,604.0,0.0
2024-01-01,2024,1,PRD_003,TER_SO_02,594,126,468,8910,5791.5,47,99,1,2024,604.0,535.0,552.3333333333334,594.0,0.0
2024-02-01,2024,2,PRD_003,TER_SO_02,637,103,534,9555,6210.75,50,71,2,2024,594.0,604.0,577.6666666666666,637.0,0.0
2024-03-01,2024,3,PRD_003,TER_SO_02,574,98,476,8610,5596.5,64,45,3,2024,637.0,594.0,611.6666666666666,574.0,0.0
2024-04-01,2024,4,PRD_003,TER_SO_02,610,125,485,9150,5947.5,33,71,4,2024,574.0,637.0,601.6666666666666,610.0,0.0
2024-05-01,2024,5,PRD_003,TER_SO_02,654,93,561,9810,6376.5,68,69,5,2024,610.0,574.0,607.0,654.0,0.0
2024-06-01,2024,6,PRD_003,TER_SO_02,579,114,465,8685,5645.25,33,77,6,2024,654.0,610.0,612.6666666666666,579.0,0.0
2024-07-01,2024,7,PRD_003,TER_SO_02,619,88,531,9285,6035.25,35,48,7,2024,579.0,654.0,614.3333333333334,619.0,0.0
2024-08-01,2024,8,PRD_003,TER_SO_02,629,115,514,9435,6132.75,57,49,8,2024,619.0,579.0,617.3333333333334,629.0,0.0
2024-09-01,2024,9,PRD_003,TER_SO_02,574,117,457,8610,5596.5,36,71,9,2024,629.0,619.0,609.0,574.0,0.0
2024-10-01,2024,10,PRD_003,TER_SO_02,574,125,449,8610,5596.5,66,90,10,2024,574.0,629.0,607.3333333333334,574.0,0.0
2024-11-01,2024,11,PRD_003,TER_SO_02,591,92,499,8865,5762.25,51,64,11,2024,574.0,574.0,592.3333333333334,591.0,0.0
2024-12-01,2024,12,PRD_003,TER_SO_02,597,117,480,8955,5820.75,40,47,12,2024,591.0,574.0,579.6666666666666,597.0,0.0
2025-01-01,2025,1,PRD_003,TER_SO_02,598,87,511,8970,5830.5,56,67,1,2025,597.0,591.0,587.3333333333334,626.0,-28.0
2025-02-01,2025,2,PRD_003,TER_SO_02,694,150,544,10410,6766.5,65,60,2,2025,598.0,597.0,595.3333333333334,631.0,63.0
2025-03-01,2025,3,PRD_003,TER_SO_02,729,152,577,10935,7107.75,51,67,3,2025,694.0,598.0,629.6666666666666,618.0,111.0
2025-04-01,2025,4,PRD_003,TER_SO_02,682,131,551,10230,6649.5,33,86,4,2025,729.0,694.0,673.6666666666666,608.0,74.0
2025-05-01,2025,5,PRD_003,TER_SO_02,704,136,568,10560,6864.0,31,76,5,2025,682.0,729.0,701.6666666666666,620.0,84.0
2025-06-01,2025,6,PRD_003,TER_SO_02,595,102,493,8925,5801.25,54,58,6,2025,704.0,682.0,705.0,607.0,-12.0
2025-07-01,2025,7,PRD_003,TER_SO_02,617,112,505,9255,6015.75,45,64,7,2025,595.0,704.0,660.3333333333334,597.0,20.0
2025-08-01,2025,8,PRD_003,TER_SO_02,611,123,488,9165,5957.25,42,51,8,2025,617.0,595.0,638.6666666666666,602.0,9.0
2025-09-01,2025,9,PRD_003,TER_SO_02,612,87,525,9180,5967.0,60,47,9,2025,611.0,617.0,607.6666666666666,604.0,8.0
2025-10-01,2025,10,PRD_003,TER_SO_02,657,124,533,9855,6405.75,57,97,10,2025,612.0,611.0,613.3333333333334,612.0,45.0
2025-11-01,2025,11,PRD_003,TER_SO_02,657,127,530,9855,6405.75,26,92,11,2025,657.0,612.0,626.6666666666666,629.0,28.0
2025-12-01,2025,12,PRD_003,TER_SO_02,645,105,540,9675,6288.75,69,58,12,2025,657.0,657.0,642.0,629.0,16.0
2023-04-01,2023,4,PRD_003,TER_WE_01,551,107,444,8265,5372.25,38,62,4,2023,563.0,546.0,553.0,551.0,0.0
2023-05-01,2023,5,PRD_003,TER_WE_01,561,108,453,8415,5469.75,34,82,5,2023,551.0,563.0,553.3333333333334,561.0,0.0
2023-06-01,2023,6,PRD_003,TER_WE_01,551,88,463,8265,5372.25,60,68,6,2023,561.0,551.0,558.3333333333334,551.0,0.0
2023-07-01,2023,7,PRD_003,TER_WE_01,575,88,487,8625,5606.25,33,47,7,2023,551.0,561.0,554.3333333333334,575.0,0.0
2023-08-01,2023,8,PRD_003,TER_WE_01,521,102,419,7815,5079.75,49,61,8,2023,575.0,551.0,562.3333333333334,521.0,0.0
2023-09-01,2023,9,PRD_003,TER_WE_01,516,74,442,7740,5031.0,50,34,9,2023,521.0,575.0,549.0,516.0,0.0
2023-10-01,2023,10,PRD_003,TER_WE_01,561,93,468,8415,5469.75,66,70,10,2023,516.0,521.0,537.3333333333334,561.0,0.0
2023-11-01,2023,11,PRD_003,TER_WE_01,526,99,427,7890,5128.5,48,55,11,2023,561.0,516.0,532.6666666666666,526.0,0.0
2023-12-01,2023,12,PRD_003,TER_WE_01,561,117,444,8415,5469.75,37,78,12,2023,526.0,561.0,534.3333333333334,561.0,0.0
2024-01-01,2024,1,PRD_003,TER_WE_01,599,125,474,8985,5840.25,69,69,1,2024,561.0,526.0,549.3333333333334,599.0,0.0
2024-02-01,2024,2,PRD_003,TER_WE_01,613,102,511,9195,5976.75,30,63,2,2024,599.0,561.0,562.0,613.0,0.0
2024-03-01,2024,3,PRD_003,TER_WE_01,638,102,536,9570,6220.5,68,44,3,2024,613.0,599.0,591.0,638.0,0.0
2024-04-01,2024,4,PRD_003,TER_WE_01,647,123,524,9705,6308.25,36,68,4,2024,638.0,613.0,616.6666666666666,647.0,0.0
2024-05-01,2024,5,PRD_003,TER_WE_01,591,117,474,8865,5762.25,54,70,5,2024,647.0,638.0,632.6666666666666,591.0,0.0
2024-06-01,2024,6,PRD_003,TER_WE_01,598,120,478,8970,5830.5,57,82,6,2024,591.0,647.0,625.3333333333334,598.0,0.0
2024-07-01,2024,7,PRD_003,TER_WE_01,570,84,486,8550,5557.5,64,47,7,2024,598.0,591.0,612.0,570.0,0.0
2024-08-01,2024,8,PRD_003,TER_WE_01,590,95,495,8850,5752.5,52,73,8,2024,570.0,598.0,586.3333333333334,590.0,0.0
2024-09-01,2024,9,PRD_003,TER_WE_01,593,92,501,8895,5781.75,66,41,9,2024,590.0,570.0,586.0,593.0,0.0
2024-10-01,2024,10,PRD_003,TER_WE_01,591,83,508,8865,5762.25,56,46,10,2024,593.0,590.0,584.3333333333334,591.0,0.0
2024-11-01,2024,11,PRD_003,TER_WE_01,567,83,484,8505,5528.25,55,40,11,2024,591.0,593.0,591.3333333333334,567.0,0.0
2024-12-01,2024,12,PRD_003,TER_WE_01,634,124,510,9510,6181.5,40,80,12,2024,567.0,591.0,583.6666666666666,634.0,0.0
2025-01-01,2025,1,PRD_003,TER_WE_01,706,130,576,10590,6883.5,59,96,1,2025,634.0,567.0,597.3333333333334,638.0,68.0
2025-02-01,2025,2,PRD_003,TER_WE_01,689,107,582,10335,6717.75,47,61,2,2025,706.0,634.0,635.6666666666666,611.0,78.0
2025-03-01,2025,3,PRD_003,TER_WE_01,658,120,538,9870,6415.5,61,51,3,2025,689.0,706.0,676.3333333333334,626.0,32.0
2025-04-01,2025,4,PRD_003,TER_WE_01,674,123,551,10110,6571.5,66,73,4,2025,658.0,689.0,684.3333333333334,620.0,54.0
2025-05-01,2025,5,PRD_003,TER_WE_01,651,125,526,9765,6347.25,68,54,5,2025,674.0,658.0,673.6666666666666,648.0,3.0
2025-06-01,2025,6,PRD_003,TER_WE_01,628,130,498,9420,6123.0,64,81,6,2025,651.0,674.0,661.0,621.0,7.0
2025-07-01,2025,7,PRD_003,TER_WE_01,671,94,577,10065,6542.25,27,73,7,2025,628.0,651.0,651.0,655.0,16.0
2025-08-01,2025,8,PRD_003,TER_WE_01,580,102,478,8700,5655.0,36,79,8,2025,671.0,628.0,650.0,604.0,-24.0
2025-09-01,2025,9,PRD_003,TER_WE_01,672,144,528,10080,6552.0,52,63,9,2025,580.0,671.0,626.3333333333334,585.0,87.0
2025-10-01,2025,10,PRD_003,TER_WE_01,612,123,489,9180,5967.0,69,54,10,2025,672.0,580.0,641.0,629.0,-17.0
2025-11-01,2025,11,PRD_003,TER_WE_01,659,100,559,9885,6425.25,62,73,11,2025,612.0,672.0,621.3333333333334,615.0,44.0
2025-12-01,2025,12,PRD_003,TER_WE_01,616,92,524,9240,6006.0,51,64,12,2025,659.0,612.0,647.6666666666666,642.0,-26.0
2023-04-01,2023,4,PRD_003,TER_WE_02,575,91,484,8625,5606.25,48,46,4,2023,551.0,546.0,545.6666666666666,575.0,0.0
2023-05-01,2023,5,PRD_003,TER_WE_02,548,83,465,8220,5343.0,51,64,5,2023,575.0,551.0,557.3333333333334,548.0,0.0
2023-06-01,2023,6,PRD_003,TER_WE_02,543,85,458,8145,5294.25,33,62,6,2023,548.0,575.0,558.0,543.0,0.0
2023-07-01,2023,7,PRD_003,TER_WE_02,556,95,461,8340,5421.0,41,47,7,2023,543.0,548.0,555.3333333333334,556.0,0.0
2023-08-01,2023,8,PRD_003,TER_WE_02,535,113,422,8025,5216.25,69,88,8,2023,556.0,543.0,549.0,535.0,0.0
2023-09-01,2023,9,PRD_003,TER_WE_02,540,111,429,8100,5265.0,72,65,9,2023,535.0,556.0,544.6666666666666,540.0,0.0
2023-10-01,2023,10,PRD_003,TER_WE_02,549,118,431,8235,5352.75,73,79,10,2023,540.0,535.0,543.6666666666666,549.0,0.0
2023-11-01,2023,11,PRD_003,TER_WE_02,509,92,417,7635,4962.75,55,73,11,2023,549.0,540.0,541.3333333333334,509.0,0.0
2023-12-01,2023,12,PRD_003,TER_WE_02,564,89,475,8460,5499.0,33,62,12,2023,509.0,549.0,532.6666666666666,564.0,0.0
2024-01-01,2024,1,PRD_003,TER_WE_02,671,123,548,10065,6542.25,31,78,1,2024,564.0,509.0,540.6666666666666,671.0,0.0
2024-02-01,2024,2,PRD_003,TER_WE_02,597,118,479,8955,5820.75,48,62,2,2024,671.0,564.0,581.3333333333334,597.0,0.0
2024-03-01,2024,3,PRD_003,TER_WE_02,534,87,447,8010,5206.5,72,67,3,2024,597.0,671.0,610.6666666666666,534.0,0.0
2024-04-01,2024,4,PRD_003,TER_WE_02,621,133,488,9315,6054.75,71,104,4,2024,534.0,597.0,600.6666666666666,621.0,0.0
2024-05-01,2024,5,PRD_003,TER_WE_02,593,90,503,8895,5781.75,33,42,5,2024,621.0,534.0,584.0,593.0,0.0
2024-06-01,2024,6,PRD_003,TER_WE_02,590,127,463,8850,5752.5,69,88,6,2024,593.0,621.0,582.6666666666666,590.0,0.0
2024-07-01,2024,7,PRD_003,TER_WE_02,539,108,431,8085,5255.25,54,71,7,2024,590.0,593.0,601.3333333333334,539.0,0.0
2024-08-01,2024,8,PRD_003,TER_WE_02,583,105,478,8745,5684.25,43,81,8,2024,539.0,590.0,574.0,583.0,0.0
2024-09-01,2024,9,PRD_003,TER_WE_02,560,121,439,8400,5460.0,32,93,9,2024,583.0,539.0,570.6666666666666,560.0,0.0
2024-10-01,2024,10,PRD_003,TER_WE_02,615,108,507,9225,5996.25,26,71,10,2024,560.0,583.0,560.6666666666666,615.0,0.0
2024-11-01,2024,11,PRD_003,TER_WE_02,624,130,494,9360,6084.0,69,54,11,2024,615.0,560.0,586.0,624.0,0.0
2024-12-01,2024,12,PRD_003,TER_WE_02,588,116,472,8820,5733.0,43,64,12,2024,624.0,615.0,599.6666666666666,588.0,0.0
2025-01-01,2025,1,PRD_003,TER_WE_02,659,142,517,9885,6425.25,68,88,1,2025,588.0,624.0,609.0,646.0,13.0
2025-02-01,2025,2,PRD_003,TER_WE_02,648,112,536,9720,6318.0,50,47,2,2025,659.0,588.0,623.6666666666666,620.0,28.0
2025-03-01,2025,3,PRD_003,TER_WE_02,641,132,509,9615,6249.75,40,89,3,2025,648.0,659.0,631.6666666666666,615.0,26.0
2025-04-01,2025,4,PRD_003,TER_WE_02,711,117,594,10665,6932.25,65,91,4,2025,641.0,648.0,649.3333333333334,628.0,83.0
2025-05-01,2025,5,PRD_003,TER_WE_02,698,140,558,10470,6805.5,31,88,5,2025,711.0,641.0,666.6666666666666,635.0,63.0
2025-06-01,2025,6,PRD_003,TER_WE_02,640,138,502,9600,6240.0,42,107,6,2025,698.0,711.0,683.3333333333334,624.0,16.0
2025-07-01,2025,7,PRD_003,TER_WE_02,682,100,582,10230,6649.5,60,71,7,2025,640.0,698.0,683.0,613.0,69.0
2025-08-01,2025,8,PRD_003,TER_WE_02,568,84,484,8520,5538.0,27,44,8,2025,682.0,640.0,673.3333333333334,594.0,-26.0
2025-09-01,2025,9,PRD_003,TER_WE_02,596,114,482,8940,5811.0,51,47,9,2025,568.0,682.0,630.0,579.0,17.0
2025-10-01,2025,10,PRD_003,TER_WE_02,601,128,473,9015,5859.75,68,51,10,2025,596.0,568.0,615.3333333333334,605.0,-4.0
2025-11-01,2025,11,PRD_003,TER_WE_02,699,148,551,10485,6815.25,48,75,11,2025,601.0,596.0,588.3333333333334,617.0,82.0
2025-12-01,2025,12,PRD_003,TER_WE_02,757,136,621,11355,7380.75,51,93,12,2025,699.0,601.0,632.0,645.0,112.0
2023-04-01,2023,4,PRD_004,TER_MW_01,401,87,314,501250,340850.0,73,45,4,2023,412.0,372.0,376.6666666666667,401.0,0.0
2023-05-01,2023,5,PRD_004,TER_MW_01,354,94,260,442500,300900.0,69,47,5,2023,401.0,412.0,395.0,354.0,0.0
2023-06-01,2023,6,PRD_004,TER_MW_01,387,93,294,483750,328950.0,39,67,6,2023,354.0,401.0,389.0,387.0,0.0
2023-07-01,2023,7,PRD_004,TER_MW_01,405,94,311,506250,344250.0,64,49,7,2023,387.0,354.0,380.6666666666667,405.0,0.0
2023-08-01,2023,8,PRD_004,TER_MW_01,355,70,285,443750,301750.0,52,32,8,2023,405.0,387.0,382.0,355.0,0.0
2023-09-01,2023,9,PRD_004,TER_MW_01,363,86,277,453750,308550.0,58,35,9,2023,355.0,405.0,382.3333333333333,363.0,0.0
2023-10-01,2023,10,PRD_004,TER_MW_01,407,85,322,508750,345950.0,61,56,10,2023,363.0,355.0,374.3333333333333,407.0,0.0
2023-11-01,2023,11,PRD_004,TER_MW_01,392,105,287,490000,333200.0,68,44,11,2023,407.0,363.0,375.0,392.0,0.0
2023-12-01,2023,12,PRD_004,TER_MW_01,427,118,309,533750,362950.0,74,62,12,2023,392.0,407.0,387.3333333333333,427.0,0.0
2024-01-01,2024,1,PRD_004,TER_MW_01,425,123,302,531250,361250.0,30,69,1,2024,427.0,392.0,408.6666666666667,425.0,0.0
2024-02-01,2024,2,PRD_004,TER_MW_01,434,89,345,542500,368900.0,70,65,2,2024,425.0,427.0,414.6666666666667,434.0,0.0
2024-03-01,2024,3,PRD_004,TER_MW_01,467,135,332,583750,396950.0,51,67,3,2024,434.0,425.0,428.6666666666667,467.0,0.0
2024-04-01,2024,4,PRD_004,TER_MW_01,485,94,391,606250,412250.0,40,60,4,2024,467.0,434.0,442.0,485.0,0.0
2024-05-01,2024,5,PRD_004,TER_MW_01,478,86,392,597500,406300.0,63,60,5,2024,485.0,467.0,462.0,478.0,0.0
2024-06-01,2024,6,PRD_004,TER_MW_01,409,80,329,511250,347650.0,48,62,6,2024,478.0,485.0,476.6666666666667,409.0,0.0
2024-07-01,2024,7,PRD_004,TER_MW_01,412,131,281,515000,350200.0,63,79,7,2024,409.0,478.0,457.3333333333333,412.0,0.0
2024-08-01,2024,8,PRD_004,TER_MW_01,426,94,332,532500,362100.0,71,60,8,2024,412.0,409.0,433.0,426.0,0.0
2024-09-01,2024,9,PRD_004,TER_MW_01,403,106,297,503750,342550.0,38,78,9,2024,426.0,412.0,415.6666666666667,403.0,0.0
2024-10-01,2024,10,PRD_004,TER_MW_01,416,123,293,520000,353600.0,71,60,10,2024,403.0,426.0,413.6666666666667,416.0,0.0
2024-11-01,2024,11,PRD_004,TER_MW_01,481,124,357,601250,408850.0,70,51,11,2024,416.0,403.0,415.0,481.0,0.0
2024-12-01,2024,12,PRD_004,TER_MW_01,487,148,339,608750,413950.0,42,111,12,2024,481.0,416.0,433.3333333333333,487.0,0.0
2025-01-01,2025,1,PRD_004,TER_MW_01,459,129,330,573750,390150.0,67,75,1,2025,487.0,481.0,461.3333333333333,515.0,-56.0
2025-02-01,2025,2,PRD_004,TER_MW_01,530,161,369,662500,450500.0,60,106,2,2025,459.0,487.0,475.6666666666667,493.0,37.0
2025-03-01,2025,3,PRD_004,TER_MW_01,539,133,406,673750,458150.0,74,85,3,2025,530.0,459.0,492.0,500.0,39.0
2025-04-01,2025,4,PRD_004,TER_MW_01,489,102,387,611250,415650.0,42,72,4,2025,539.0,530.0,509.3333333333333,536.0,-47.0
2025-05-01,2025,5,PRD_004,TER_MW_01,482,113,369,602500,409700.0,57,71,5,2025,489.0,539.0,519.3333333333334,474.0,8.0
2025-06-01,2025,6,PRD_004,TER_MW_01,518,113,405,647500,440300.0,68,46,6,2025,482.0,489.0,503.3333333333333,468.0,50.0
2025-07-01,2025,7,PRD_004,TER_MW_01,465,106,359,581250,395250.0,35,65,7,2025,518.0,482.0,496.3333333333333,481.0,-16.0
2025-08-01,2025,8,PRD_004,TER_MW_01,453,123,330,566250,385050.0,51,65,8,2025,465.0,518.0,488.3333333333333,455.0,-2.0
2025-09-01,2025,9,PRD_004,TER_MW_01,471,100,371,588750,400350.0,33,48,9,2025,453.0,465.0,478.6666666666667,455.0,16.0
2025-10-01,2025,10,PRD_004,TER_MW_01,492,123,369,615000,418200.0,60,72,10,2025,471.0,453.0,463.0,475.0,17.0
2025-11-01,2025,11,PRD_004,TER_MW_01,525,129,396,656250,446250.0,68,55,11,2025,492.0,471.0,472.0,484.0,41.0
2025-12-01,2025,12,PRD_004,TER_MW_01,539,138,401,673750,458150.0,37,106,12,2025,525.0,492.0,496.0,544.0,-5.0
2023-04-01,2023,4,PRD_004,TER_MW_02,406,73,333,507500,345100.0,53,30,4,2023,389.0,371.0,378.3333333333333,406.0,0.0
2023-05-01,2023,5,PRD_004,TER_MW_02,379,98,281,473750,322150.0,51,55,5,2023,406.0,389.0,388.6666666666667,379.0,0.0
2023-06-01,2023,6,PRD_004,TER_MW_02,385,96,289,481250,327250.0,51,38,6,2023,379.0,406.0,391.3333333333333,385.0,0.0
2023-07-01,2023,7,PRD_004,TER_MW_02,362,77,285,452500,307700.0,26,43,7,2023,385.0,379.0,390.0,362.0,0.0
2023-08-01,2023,8,PRD_004,TER_MW_02,389,116,273,486250,330650.0,27,54,8,2023,362.0,385.0,375.3333333333333,389.0,0.0
2023-09-01,2023,9,PRD_004,TER_MW_02,377,92,285,471250,320450.0,44,45,9,2023,389.0,362.0,378.6666666666667,377.0,0.0
2023-10-01,2023,10,PRD_004,TER_MW_02,394,82,312,492500,334900.0,44,55,10,2023,377.0,389.0,376.0,394.0,0.0
2023-11-01,2023,11,PRD_004,TER_MW_02,374,98,276,467500,317900.0,67,57,11,2023,394.0,377.0,386.6666666666667,374.0,0.0
2023-12-01,2023,12,PRD_004,TER_MW_02,428,80,348,535000,363800.0,69,53,12,2023,374.0,394.0,381.6666666666667,428.0,0.0
2024-01-01,2024,1,PRD_004,TER_MW_02,410,76,334,512500,348500.0,50,36,1,2024,428.0,374.0,398.6666666666667,410.0,0.0
2024-02-01,2024,2,PRD_004,TER_MW_02,459,106,353,573750,390150.0,66,66,2,2024,410.0,428.0,404.0,459.0,0.0
2024-03-01,2024,3,PRD_004,TER_MW_02,457,111,346,571250,388450.0,60,77,3,2024,459.0,410.0,432.3333333333333,457.0,0.0
2024-04-01,2024,4,PRD_004,TER_MW_02,428,129,299,535000,363800.0,55,101,4,2024,457.0,459.0,442.0,428.0,0.0
2024-05-01,2024,5,PRD_004,TER_MW_02,388,77,311,485000,329800.0,61,53,5,2024,428.0,457.0,448.0,388.0,0.0
2024-06-01,2024,6,PRD_004,TER_MW_02,447,141,306,558750,379950.0,49,74,6,2024,388.0,428.0,424.3333333333333,447.0,0.0
2024-07-01,2024,7,PRD_004,TER_MW_02,456,84,372,570000,387600.0,63,64,7,2024,447.0,388.0,421.0,456.0,0.0
2024-08-01,2024,8,PRD_004,TER_MW_02,462,114,348,577500,392700.0,59,58,8,2024,456.0,447.0,430.3333333333333,462.0,0.0
2024-09-01,2024,9,PRD_004,TER_MW_02,385,92,293,481250,327250.0,63,70,9,2024,462.0,456.0,455.0,385.0,0.0
2024-10-01,2024,10,PRD_004,TER_MW_02,415,126,289,518750,352750.0,64,66,10,2024,385.0,462.0,434.3333333333333,415.0,0.0
2024-11-01,2024,11,PRD_004,TER_MW_02,472,117,355,590000,401200.0,40,92,11,2024,415.0,385.0,420.6666666666667,472.0,0.0
2024-12-01,2024,12,PRD_004,TER_MW_02,493,144,349,616250,419050.0,32,58,12,2024,472.0,415.0,424.0,493.0,0.0
2025-01-01,2025,1,PRD_004,TER_MW_02,483,142,341,603750,410550.0,40,58,1,2025,493.0,472.0,460.0,478.0,5.0
2025-02-01,2025,2,PRD_004,TER_MW_02,533,166,367,666250,453050.0,55,122,2,2025,483.0,493.0,482.6666666666667,507.0,26.0
2025-03-01,2025,3,PRD_004,TER_MW_02,519,135,384,648750,441150.0,72,83,3,2025,533.0,483.0,503.0,497.0,22.0
2025-04-01,2025,4,PRD_004,TER_MW_02,548,166,382,685000,465800.0,55,97,4,2025,519.0,533.0,511.6666666666667,530.0,18.0
2025-05-01,2025,5,PRD_004,TER_MW_02,547,103,444,683750,464950.0,51,41,5,2025,548.0,519.0,533.3333333333334,515.0,32.0
2025-06-01,2025,6,PRD_004,TER_MW_02,496,98,398,620000,421600.0,58,49,6,2025,547.0,548.0,538.0,513.0,-17.0
2025-07-01,2025,7,PRD_004,TER_MW_02,477,146,331,596250,405450.0,48,64,7,2025,496.0,547.0,530.3333333333334,511.0,-34.0
2025-08-01,2025,8,PRD_004,TER_MW_02,503,134,369,628750,427550.0,50,98,8,2025,477.0,496.0,506.6666666666667,473.0,30.0
2025-09-01,2025,9,PRD_004,TER_MW_02,482,95,387,602500,409700.0,38,49,9,2025,503.0,477.0,492.0,460.0,22.0
2025-10-01,2025,10,PRD_004,TER_MW_02,547,132,415,683750,464950.0,72,96,10,2025,482.0,503.0,487.3333333333333,490.0,57.0
2025-11-01,2025,11,PRD_004,TER_MW_02,565,164,401,706250,480250.0,37,101,11,2025,547.0,482.0,510.6666666666667,515.0,50.0
2025-12-01,2025,12,PRD_004,TER_MW_02,542,142,400,677500,460700.0,26,76,12,2025,565.0,547.0,531.3333333333334,575.0,-33.0
2023-04-01,2023,4,PRD_004,TER_NE_01,370,114,256,462500,314500.0,32,57,4,2023,365.0,393.0,373.3333333333333,370.0,0.0
2023-05-01,2023,5,PRD_004,TER_NE_01,455,112,343,568750,386750.0,27,62,5,2023,370.0,365.0,376.0,455.0,0.0
2023-06-01,2023,6,PRD_004,TER_NE_01,392,124,268,490000,333200.0,41,74,6,2023,455.0,370.0,396.6666666666667,392.0,0.0
2023-07-01,2023,7,PRD_004,TER_NE_01,351,101,250,438750,298350.0,66,63,7,2023,392.0,455.0,405.6666666666667,351.0,0.0
2023-08-01,2023,8,PRD_004,TER_NE_01,376,98,278,470000,319600.0,50,73,8,2023,351.0,392.0,399.3333333333333,376.0,0.0
2023-09-01,2023,9,PRD_004,TER_NE_01,364,84,280,455000,309400.0,39,61,9,2023,376.0,351.0,373.0,364.0,0.0
2023-10-01,2023,10,PRD_004,TER_NE_01,348,76,272,435000,295800.0,49,30,10,2023,364.0,376.0,363.6666666666667,348.0,0.0
2023-11-01,2023,11,PRD_004,TER_NE_01,403,107,296,503750,342550.0,63,84,11,2023,348.0,364.0,362.6666666666667,403.0,0.0
2023-12-01,2023,12,PRD_004,TER_NE_01,396,82,314,495000,336600.0,64,59,12,2023,403.0,348.0,371.6666666666667,396.0,0.0
2024-01-01,2024,1,PRD_004,TER_NE_01,410,99,311,512500,348500.0,36,71,1,2024,396.0,403.0,382.3333333333333,410.0,0.0
2024-02-01,2024,2,PRD_004,TER_NE_01,419,85,334,523750,356150.0,63,50,2,2024,410.0,396.0,403.0,419.0,0.0
2024-03-01,2024,3,PRD_004,TER_NE_01,472,145,327,590000,401200.0,41,94,3,2024,419.0,410.0,408.3333333333333,472.0,0.0
2024-04-01,2024,4,PRD_004,TER_NE_01,448,102,346,560000,380800.0,45,67,4,2024,472.0,419.0,433.6666666666667,448.0,0.0
2024-05-01,2024,5,PRD_004,TER_NE_01,473,107,366,591250,402050.0,32,72,5,2024,448.0,472.0,446.3333333333333,473.0,0.0
2024-06-01,2024,6,PRD_004,TER_NE_01,451,103,348,563750,383350.0,55,54,6,2024,473.0,448.0,464.3333333333333,451.0,0.0
2024-07-01,2024,7,PRD_004,TER_NE_01,442,118,324,552500,375700.0,47,66,7,2024,451.0,473.0,457.3333333333333,442.0,0.0
2024-08-01,2024,8,PRD_004,TER_NE_01,423,115,308,528750,359550.0,70,61,8,2024,442.0,451.0,455.3333333333333,423.0,0.0
2024-09-01,2024,9,PRD_004,TER_NE_01,433,133,300,541250,368050.0,70,72,9,2024,423.0,442.0,438.6666666666667,433.0,0.0
2024-10-01,2024,10,PRD_004,TER_NE_01,407,78,329,508750,345950.0,33,60,10,2024,433.0,423.0,432.6666666666667,407.0,0.0
2024-11-01,2024,11,PRD_004,TER_NE_01,457,135,322,571250,388450.0,41,81,11,2024,407.0,433.0,421.0,457.0,0.0
2024-12-01,2024,12,PRD_004,TER_NE_01,523,124,399,653750,444550.0,42,90,12,2024,457.0,407.0,432.3333333333333,523.0,0.0
2025-01-01,2025,1,PRD_004,TER_NE_01,462,139,323,577500,392700.0,71,80,1,2025,523.0,457.0,462.3333333333333,533.0,-71.0
2025-02-01,2025,2,PRD_004,TER_NE_01,480,123,357,600000,408000.0,39,75,2,2025,462.0,523.0,480.6666666666667,499.0,-19.0
2025-03-01,2025,3,PRD_004,TER_NE_01,544,106,438,680000,462400.0,30,60,3,2025,480.0,462.0,488.3333333333333,478.0,66.0
2025-04-01,2025,4,PRD_004,TER_NE_01,489,101,388,611250,415650.0,70,75,4,2025,544.0,480.0,495.3333333333333,510.0,-21.0
2025-05-01,2025,5,PRD_004,TER_NE_01,500,159,341,625000,425000.0,72,125,5,2025,489.0,544.0,504.3333333333333,531.0,-31.0
2025-06-01,2025,6,PRD_004,TER_NE_01,481,125,356,601250,408850.0,39,92,6,2025,500.0,489.0,511.0,511.0,-30.0
2025-07-01,2025,7,PRD_004,TER_NE_01,477,90,387,596250,405450.0,56,63,7,2025,481.0,500.0,490.0,463.0,14.0
2025-08-01,2025,8,PRD_004,TER_NE_01,501,107,394,626250,425850.0,57,47,8,2025,477.0,481.0,486.0,453.0,48.0
2025-09-01,2025,9,PRD_004,TER_NE_01,503,93,410,628750,427550.0,33,56,9,2025,501.0,477.0,486.3333333333333,466.0,37.0
2025-10-01,2025,10,PRD_004,TER_NE_01,523,128,395,653750,444550.0,70,63,10,2025,503.0,501.0,493.6666666666667,485.0,38.0
2025-11-01,2025,11,PRD_004,TER_NE_01,500,139,361,625000,425000.0,65,106,11,2025,523.0,503.0,509.0,534.0,-34.0
2025-12-01,2025,12,PRD_004,TER_NE_01,540,122,418,675000,459000.0,64,95,12,2025,500.0,523.0,508.6666666666667,550.0,-10.0
2023-04-01,2023,4,PRD_004,TER_NE_02,393,98,295,491250,334050.0,38,73,4,2023,387.0,375.0,377.6666666666667,393.0,0.0
2023-05-01,2023,5,PRD_004,TER_NE_02,359,102,257,448750,305150.0,59,43,5,2023,393.0,387.0,385.0,359.0,0.0
2023-06-01,2023,6,PRD_004,TER_NE_02,362,102,260,452500,307700.0,74,44,6,2023,359.0,393.0,379.6666666666667,362.0,0.0
2023-07-01,2023,7,PRD_004,TER_NE_02,412,110,302,515000,350200.0,66,57,7,2023,362.0,359.0,371.3333333333333,412.0,0.0
2023-08-01,2023,8,PRD_004,TER_NE_02,348,82,266,435000,295800.0,63,63,8,2023,412.0,362.0,377.6666666666667,348.0,0.0
2023-09-01,2023,9,PRD_004,TER_NE_02,383,89,294,478750,325550.0,73,45,9,2023,348.0,412.0,374.0,383.0,0.0
2023-10-01,2023,10,PRD_004,TER_NE_02,416,101,315,520000,353600.0,66,49,10,2023,383.0,348.0,381.0,416.0,0.0
2023-11-01,2023,11,PRD_004,TER_NE_02,385,73,312,481250,327250.0,53,37,11,2023,416.0,383.0,382.3333333333333,385.0,0.0
2023-12-01,2023,12,PRD_004,TER_NE_02,378,72,306,472500,321300.0,53,37,12,2023,385.0,416.0,394.6666666666667,378.0,0.0
2024-01-01,2024,1,PRD_004,TER_NE_02,444,125,319,555000,377400.0,44,83,1,2024,378.0,385.0,393.0,444.0,0.0
2024-02-01,2024,2,PRD_004,TER_NE_02,473,113,360,591250,402050.0,52,49,2,2024,444.0,378.0,402.3333333333333,473.0,0.0
2024-03-01,2024,3,PRD_004,TER_NE_02,412,128,284,515000,350200.0,31,80,3,2024,473.0,444.0,431.6666666666667,412.0,0.0
2024-04-01,2024,4,PRD_004,TER_NE_02,405,113,292,506250,344250.0,68,47,4,2024,412.0,473.0,443.0,405.0,0.0
2024-05-01,2024,5,PRD_004,TER_NE_02,480,149,331,600000,408000.0,56,94,5,2024,405.0,412.0,430.0,480.0,0.0
2024-06-01,2024,6,PRD_004,TER_NE_02,438,134,304,547500,372300.0,66,67,6,2024,480.0,405.0,432.3333333333333,438.0,0.0
2024-07-01,2024,7,PRD_004,TER_NE_02,420,79,341,525000,357000.0,46,44,7,2024,438.0,480.0,441.0,420.0,0.0
2024-08-01,2024,8,PRD_004,TER_NE_02,435,122,313,543750,369750.0,29,58,8,2024,420.0,438.0,446.0,435.0,0.0
2024-09-01,2024,9,PRD_004,TER_NE_02,413,96,317,516250,351050.0,62,62,9,2024,435.0,420.0,431.0,413.0,0.0
2024-10-01,2024,10,PRD_004,TER_NE_02,462,127,335,577500,392700.0,41,52,10,2024,413.0,435.0,422.6666666666667,462.0,0.0
2024-11-01,2024,11,PRD_004,TER_NE_02,430,93,337,537500,365500.0,65,60,11,2024,462.0,413.0,436.6666666666667,430.0,0.0
2024-12-01,2024,12,PRD_004,TER_NE_02,485,128,357,606250,412250.0,36,61,12,2024,430.0,462.0,435.0,485.0,0.0
2025-01-01,2025,1,PRD_004,TER_NE_02,485,128,357,606250,412250.0,41,75,1,2025,485.0,430.0,459.0,501.0,-16.0
2025-02-01,2025,2,PRD_004,TER_NE_02,487,151,336,608750,413950.0,47,82,2,2025,485.0,485.0,466.6666666666667,502.0,-15.0
2025-03-01,2025,3,PRD_004,TER_NE_02,524,103,421,655000,445400.0,66,73,3,2025,487.0,485.0,485.6666666666667,487.0,37.0
2025-04-01,2025,4,PRD_004,TER_NE_02,517,98,419,646250,439450.0,67,52,4,2025,524.0,487.0,498.6666666666667,496.0,21.0
2025-05-01,2025,5,PRD_004,TER_NE_02,511,142,369,638750,434350.0,62,73,5,2025,517.0,524.0,509.3333333333333,504.0,7.0
2025-06-01,2025,6,PRD_004,TER_NE_02,534,154,380,667500,453900.0,52,106,6,2025,511.0,517.0,517.3333333333334,505.0,29.0
2025-07-01,2025,7,PRD_004,TER_NE_02,466,116,350,582500,396100.0,46,54,7,2025,534.0,511.0,520.6666666666666,518.0,-52.0
2025-08-01,2025,8,PRD_004,TER_NE_02,486,121,365,607500,413100.0,29,86,8,2025,466.0,534.0,503.6666666666667,482.0,4.0
2025-09-01,2025,9,PRD_004,TER_NE_02,527,137,390,658750,447950.0,25,105,9,2025,486.0,466.0,495.3333333333333,483.0,44.0
2025-10-01,2025,10,PRD_004,TER_NE_02,463,83,380,578750,393550.0,52,54,10,2025,527.0,486.0,493.0,493.0,-30.0
2025-11-01,2025,11,PRD_004,TER_NE_02,512,109,403,640000,435200.0,37,57,11,2025,463.0,527.0,492.0,497.0,15.0
2025-12-01,2025,12,PRD_004,TER_NE_02,529,101,428,661250,449650.0,62,61,12,2025,512.0,463.0,500.6666666666667,502.0,27.0
2023-04-01,2023,4,PRD_004,TER_SO_01,511,96,415,638750,434350.0,74,56,4,2023,480.0,456.0,467.3333333333333,511.0,0.0
2023-05-01,2023,5,PRD_004,TER_SO_01,464,145,319,580000,394400.0,46,108,5,2023,511.0,480.0,482.3333333333333,464.0,0.0
2023-06-01,2023,6,PRD_004,TER_SO_01,518,139,379,647500,440300.0,66,94,6,2023,464.0,511.0,485.0,518.0,0.0
2023-07-01,2023,7,PRD_004,TER_SO_01,469,96,373,586250,398650.0,41,60,7,2023,518.0,464.0,497.6666666666667,469.0,0.0
2023-08-01,2023,8,PRD_004,TER_SO_01,451,139,312,563750,383350.0,32,86,8,2023,469.0,518.0,483.6666666666667,451.0,0.0
2023-09-01,2023,9,PRD_004,TER_SO_01,494,111,383,617500,419900.0,38,81,9,2023,451.0,469.0,479.3333333333333,494.0,0.0
2023-10-01,2023,10,PRD_004,TER_SO_01,485,115,370,606250,412250.0,33,67,10,2023,494.0,451.0,471.3333333333333,485.0,0.0
2023-11-01,2023,11,PRD_004,TER_SO_01,503,149,354,628750,427550.0,55,108,11,2023,485.0,494.0,476.6666666666667,503.0,0.0
2023-12-01,2023,12,PRD_004,TER_SO_01,529,110,419,661250,449650.0,30,60,12,2023,503.0,485.0,494.0,529.0,0.0
2024-01-01,2024,1,PRD_004,TER_SO_01,562,168,394,702500,477700.0,51,130,1,2024,529.0,503.0,505.6666666666667,562.0,0.0
2024-02-01,2024,2,PRD_004,TER_SO_01,589,127,462,736250,500650.0,57,70,2,2024,562.0,529.0,531.3333333333334,589.0,0.0
2024-03-01,2024,3,PRD_004,TER_SO_01,579,181,398,723750,492150.0,31,111,3,2024,589.0,562.0,560.0,579.0,0.0
2024-04-01,2024,4,PRD_004,TER_SO_01,570,171,399,712500,484500.0,51,124,4,2024,579.0,589.0,576.6666666666666,570.0,0.0
2024-05-01,2024,5,PRD_004,TER_SO_01,584,153,431,730000,496400.0,36,82,5,2024,570.0,579.0,579.3333333333334,584.0,0.0
2024-06-01,2024,6,PRD_004,TER_SO_01,555,135,420,693750,471750.0,32,68,6,2024,584.0,570.0,577.6666666666666,555.0,0.0
2024-07-01,2024,7,PRD_004,TER_SO_01,546,133,413,682500,464100.0,69,69,7,2024,555.0,584.0,569.6666666666666,546.0,0.0
2024-08-01,2024,8,PRD_004,TER_SO_01,530,163,367,662500,450500.0,41,94,8,2024,546.0,555.0,561.6666666666666,530.0,0.0
2024-09-01,2024,9,PRD_004,TER_SO_01,570,124,446,712500,484500.0,64,80,9,2024,530.0,546.0,543.6666666666666,570.0,0.0
2024-10-01,2024,10,PRD_004,TER_SO_01,535,132,403,668750,454750.0,65,65,10,2024,570.0,530.0,548.6666666666666,535.0,0.0
2024-11-01,2024,11,PRD_004,TER_SO_01,577,118,459,721250,490450.0,50,56,11,2024,535.0,570.0,545.0,577.0,0.0
2024-12-01,2024,12,PRD_004,TER_SO_01,565,147,418,706250,480250.0,57,112,12,2024,577.0,535.0,560.6666666666666,565.0,0.0
2025-01-01,2025,1,PRD_004,TER_SO_01,580,172,408,725000,493000.0,43,102,1,2025,565.0,577.0,559.0,597.0,-17.0
2025-02-01,2025,2,PRD_004,TER_SO_01,615,142,473,768750,522750.0,53,112,2,2025,580.0,565.0,574.0,602.0,13.0
2025-03-01,2025,3,PRD_004,TER_SO_01,647,204,443,808750,549950.0,55,85,3,2025,615.0,580.0,586.6666666666666,606.0,41.0
2025-04-01,2025,4,PRD_004,TER_SO_01,688,197,491,860000,584800.0,29,121,4,2025,647.0,615.0,614.0,636.0,52.0
2025-05-01,2025,5,PRD_004,TER_SO_01,668,149,519,835000,567800.0,37,94,5,2025,688.0,647.0,650.0,624.0,44.0
2025-06-01,2025,6,PRD_004,TER_SO_01,603,164,439,753750,512550.0,48,114,6,2025,668.0,688.0,667.6666666666666,618.0,-15.0
2025-07-01,2025,7,PRD_004,TER_SO_01,606,164,442,757500,515100.0,51,81,7,2025,603.0,668.0,653.0,607.0,-1.0
2025-08-01,2025,8,PRD_004,TER_SO_01,553,167,386,691250,470050.0,26,80,8,2025,606.0,603.0,625.6666666666666,575.0,-22.0
2025-09-01,2025,9,PRD_004,TER_SO_01,560,120,440,700000,476000.0,37,95,9,2025,553.0,606.0,587.3333333333334,574.0,-14.0
2025-10-01,2025,10,PRD_004,TER_SO_01,628,177,451,785000,533800.0,74,87,10,2025,560.0,553.0,573.0,561.0,67.0
2025-11-01,2025,11,PRD_004,TER_SO_01,631,134,497,788750,536350.0,39,83,11,2025,628.0,560.0,580.3333333333334,610.0,21.0
2025-12-01,2025,12,PRD_004,TER_SO_01,627,132,495,783750,532950.0,70,76,12,2025,631.0,628.0,606.3333333333334,620.0,7.0
2023-04-01,2023,4,PRD_004,TER_SO_02,462,105,357,577500,392700.0,68,73,4,2023,465.0,478.0,461.6666666666667,462.0,0.0
2023-05-01,2023,5,PRD_004,TER_SO_02,502,110,392,627500,426700.0,53,62,5,2023,462.0,465.0,468.3333333333333,502.0,0.0
2023-06-01,2023,6,PRD_004,TER_SO_02,509,106,403,636250,432650.0,63,50,6,2023,502.0,462.0,476.3333333333333,509.0,0.0
2023-07-01,2023,7,PRD_004,TER_SO_02,490,97,393,612500,416500.0,50,56,7,2023,509.0,502.0,491.0,490.0,0.0
2023-08-01,2023,8,PRD_004,TER_SO_02,483,112,371,603750,410550.0,30,61,8,2023,490.0,509.0,500.3333333333333,483.0,0.0
2023-09-01,2023,9,PRD_004,TER_SO_02,502,106,396,627500,426700.0,68,47,9,2023,483.0,490.0,494.0,502.0,0.0
2023-10-01,2023,10,PRD_004,TER_SO_02,447,81,366,558750,379950.0,56,58,10,2023,502.0,483.0,491.6666666666667,447.0,0.0
2023-11-01,2023,11,PRD_004,TER_SO_02,499,147,352,623750,424150.0,42,74,11,2023,447.0,502.0,477.3333333333333,499.0,0.0
2023-12-01,2023,12,PRD_004,TER_SO_02,558,111,447,697500,474300.0,35,73,12,2023,499.0,447.0,482.6666666666667,558.0,0.0
2024-01-01,2024,1,PRD_004,TER_SO_02,567,113,454,708750,481950.0,57,68,1,2024,558.0,499.0,501.3333333333333,567.0,0.0
2024-02-01,2024,2,PRD_004,TER_SO_02,550,146,404,687500,467500.0,74,78,2,2024,567.0,558.0,541.3333333333334,550.0,0.0
2024-03-01,2024,3,PRD_004,TER_SO_02,558,132,426,697500,474300.0,69,55,3,2024,550.0,567.0,558.3333333333334,558.0,0.0
2024-04-01,2024,4,PRD_004,TER_SO_02,581,124,457,726250,493850.0,62,91,4,2024,558.0,550.0,558.3333333333334,581.0,0.0
2024-05-01,2024,5,PRD_004,TER_SO_02,549,132,417,686250,466650.0,29,83,5,2024,581.0,558.0,563.0,549.0,0.0
2024-06-01,2024,6,PRD_004,TER_SO_02,579,158,421,723750,492150.0,43,75,6,2024,549.0,581.0,562.6666666666666,579.0,0.0
2024-07-01,2024,7,PRD_004,TER_SO_02,558,116,442,697500,474300.0,49,68,7,2024,579.0,549.0,569.6666666666666,558.0,0.0
2024-08-01,2024,8,PRD_004,TER_SO_02,525,134,391,656250,446250.0,47,73,8,2024,558.0,579.0,562.0,525.0,0.0
2024-09-01,2024,9,PRD_004,TER_SO_02,500,115,385,625000,425000.0,46,86,9,2024,525.0,558.0,554.0,500.0,0.0
2024-10-01,2024,10,PRD_004,TER_SO_02,524,158,366,655000,445400.0,63,108,10,2024,500.0,525.0,527.6666666666666,524.0,0.0
2024-11-01,2024,11,PRD_004,TER_SO_02,555,167,388,693750,471750.0,52,97,11,2024,524.0,500.0,516.3333333333334,555.0,0.0
2024-12-01,2024,12,PRD_004,TER_SO_02,610,181,429,762500,518500.0,63,86,12,2024,555.0,524.0,526.3333333333334,610.0,0.0
2025-01-01,2025,1,PRD_004,TER_SO_02,642,153,489,802500,545700.0,72,86,1,2025,610.0,555.0,563.0,609.0,33.0
2025-02-01,2025,2,PRD_004,TER_SO_02,615,156,459,768750,522750.0,53,119,2,2025,642.0,610.0,602.3333333333334,632.0,-17.0
2025-03-01,2025,3,PRD_004,TER_SO_02,608,171,437,760000,516800.0,32,100,3,2025,615.0,642.0,622.3333333333334,612.0,-4.0
2025-04-01,2025,4,PRD_004,TER_SO_02,650,145,505,812500,552500.0,52,58,4,2025,608.0,615.0,621.6666666666666,599.0,51.0
2025-05-01,2025,5,PRD_004,TER_SO_02,683,210,473,853750,580550.0,73,113,5,2025,650.0,608.0,624.3333333333334,594.0,89.0
2025-06-01,2025,6,PRD_004,TER_SO_02,635,184,451,793750,539750.0,47,76,6,2025,683.0,650.0,647.0,605.0,30.0
2025-07-01,2025,7,PRD_004,TER_SO_02,658,175,483,822500,559300.0,40,113,7,2025,635.0,683.0,656.0,601.0,57.0
2025-08-01,2025,8,PRD_004,TER_SO_02,610,168,442,762500,518500.0,46,115,8,2025,658.0,635.0,658.6666666666666,581.0,29.0
2025-09-01,2025,9,PRD_004,TER_SO_02,595,151,444,743750,505750.0,60,100,9,2025,610.0,658.0,634.3333333333334,604.0,-9.0
2025-10-01,2025,10,PRD_004,TER_SO_02,652,130,522,815000,554200.0,37,64,10,2025,595.0,610.0,621.0,590.0,62.0
2025-11-01,2025,11,PRD_004,TER_SO_02,599,132,467,748750,509150.0,37,57,11,2025,652.0,595.0,619.0,616.0,-17.0
2025-12-01,2025,12,PRD_004,TER_SO_02,667,181,486,833750,566950.0,68,81,12,2025,599.0,652.0,615.3333333333334,610.0,57.0
2023-04-01,2023,4,PRD_004,TER_WE_01,471,108,363,588750,400350.0,43,67,4,2023,496.0,448.0,484.3333333333333,471.0,0.0
2023-05-01,2023,5,PRD_004,TER_WE_01,496,118,378,620000,421600.0,36,83,5,2023,471.0,496.0,471.6666666666667,496.0,0.0
2023-06-01,2023,6,PRD_004,TER_WE_01,485,88,397,606250,412250.0,57,42,6,2023,496.0,471.0,487.6666666666667,485.0,0.0
2023-07-01,2023,7,PRD_004,TER_WE_01,467,119,348,583750,396950.0,71,77,7,2023,485.0,496.0,484.0,467.0,0.0
2023-08-01,2023,8,PRD_004,TER_WE_01,452,86,366,565000,384200.0,73,59,8,2023,467.0,485.0,482.6666666666667,452.0,0.0
2023-09-01,2023,9,PRD_004,TER_WE_01,481,131,350,601250,408850.0,41,86,9,2023,452.0,467.0,468.0,481.0,0.0
2023-10-01,2023,10,PRD_004,TER_WE_01,475,137,338,593750,403750.0,60,64,10,2023,481.0,452.0,466.6666666666667,475.0,0.0
2023-11-01,2023,11,PRD_004,TER_WE_01,475,100,375,593750,403750.0,30,58,11,2023,475.0,481.0,469.3333333333333,475.0,0.0
2023-12-01,2023,12,PRD_004,TER_WE_01,494,116,378,617500,419900.0,43,70,12,2023,475.0,475.0,477.0,494.0,0.0
2024-01-01,2024,1,PRD_004,TER_WE_01,526,129,397,657500,447100.0,59,83,1,2024,494.0,475.0,481.3333333333333,526.0,0.0
2024-02-01,2024,2,PRD_004,TER_WE_01,521,138,383,651250,442850.0,54,75,2,2024,526.0,494.0,498.3333333333333,521.0,0.0
2024-03-01,2024,3,PRD_004,TER_WE_01,553,122,431,691250,470050.0,66,97,3,2024,521.0,526.0,513.6666666666666,553.0,0.0
2024-04-01,2024,4,PRD_004,TER_WE_01,560,143,417,700000,476000.0,62,63,4,2024,553.0,521.0,533.3333333333334,560.0,0.0
2024-05-01,2024,5,PRD_004,TER_WE_01,608,111,497,760000,516800.0,67,64,5,2024,560.0,553.0,544.6666666666666,608.0,0.0
2024-06-01,2024,6,PRD_004,TER_WE_01,548,162,386,685000,465800.0,73,115,6,2024,608.0,560.0,573.6666666666666,548.0,0.0
2024-07-01,2024,7,PRD_004,TER_WE_01,540,131,409,675000,459000.0,52,94,7,2024,548.0,608.0,572.0,540.0,0.0
2024-08-01,2024,8,PRD_004,TER_WE_01,542,106,436,677500,460700.0,67,77,8,2024,540.0,548.0,565.3333333333334,542.0,0.0
2024-09-01,2024,9,PRD_004,TER_WE_01,525,109,416,656250,446250.0,71,60,9,2024,542.0,540.0,543.3333333333334,525.0,0.0
2024-10-01,2024,10,PRD_004,TER_WE_01,544,150,394,680000,462400.0,45,91,10,2024,525.0,542.0,535.6666666666666,544.0,0.0
2024-11-01,2024,11,PRD_004,TER_WE_01,604,149,455,755000,513400.0,62,68,11,2024,544.0,525.0,537.0,604.0,0.0
2024-12-01,2024,12,PRD_004,TER_WE_01,550,115,435,687500,467500.0,67,59,12,2024,604.0,544.0,557.6666666666666,550.0,0.0
2025-01-01,2025,1,PRD_004,TER_WE_01,644,152,492,805000,547400.0,55,72,1,2025,550.0,604.0,566.0,592.0,52.0
2025-02-01,2025,2,PRD_004,TER_WE_01,687,134,553,858750,583950.0,67,96,2,2025,644.0,550.0,599.3333333333334,639.0,48.0
2025-03-01,2025,3,PRD_004,TER_WE_01,685,128,557,856250,582250.0,33,76,3,2025,687.0,644.0,627.0,613.0,72.0
2025-04-01,2025,4,PRD_004,TER_WE_01,680,192,488,850000,578000.0,35,117,4,2025,685.0,687.0,672.0,617.0,63.0
2025-05-01,2025,5,PRD_004,TER_WE_01,663,120,543,828750,563550.0,26,48,5,2025,680.0,685.0,684.0,614.0,49.0
2025-06-01,2025,6,PRD_004,TER_WE_01,639,181,458,798750,543150.0,69,96,6,2025,663.0,680.0,676.0,648.0,-9.0
2025-07-01,2025,7,PRD_004,TER_WE_01,581,181,400,726250,493850.0,30,133,7,2025,639.0,663.0,660.6666666666666,638.0,-57.0
2025-08-01,2025,8,PRD_004,TER_WE_01,599,120,479,748750,509150.0,45,67,8,2025,581.0,639.0,627.6666666666666,565.0,34.0
2025-09-01,2025,9,PRD_004,TER_WE_01,635,182,453,793750,539750.0,49,106,9,2025,599.0,581.0,606.3333333333334,569.0,66.0
2025-10-01,2025,10,PRD_004,TER_WE_01,637,194,443,796250,541450.0,43,154,10,2025,635.0,599.0,605.0,662.0,-25.0
2025-11-01,2025,11,PRD_004,TER_WE_01,618,179,439,772500,525300.0,74,143,11,2025,637.0,635.0,623.6666666666666,684.0,-66.0
2025-12-01,2025,12,PRD_004,TER_WE_01,662,210,452,827500,562700.0,33,84,12,2025,618.0,637.0,630.0,612.0,50.0
2023-04-01,2023,4,PRD_004,TER_WE_02,480,144,336,600000,408000.0,28,103,4,2023,505.0,484.0,490.0,480.0,0.0
2023-05-01,2023,5,PRD_004,TER_WE_02,525,115,410,656250,446250.0,31,87,5,2023,480.0,505.0,489.6666666666667,525.0,0.0
2023-06-01,2023,6,PRD_004,TER_WE_02,490,106,384,612500,416500.0,72,81,6,2023,525.0,480.0,503.3333333333333,490.0,0.0
2023-07-01,2023,7,PRD_004,TER_WE_02,481,136,345,601250,408850.0,25,83,7,2023,490.0,525.0,498.3333333333333,481.0,0.0
2023-08-01,2023,8,PRD_004,TER_WE_02,492,128,364,615000,418200.0,29,60,8,2023,481.0,490.0,498.6666666666667,492.0,0.0
2023-09-01,2023,9,PRD_004,TER_WE_02,470,99,371,587500,399500.0,59,55,9,2023,492.0,481.0,487.6666666666667,470.0,0.0
2023-10-01,2023,10,PRD_004,TER_WE_02,506,112,394,632500,430100.0,55,80,10,2023,470.0,492.0,481.0,506.0,0.0
2023-11-01,2023,11,PRD_004,TER_WE_02,494,119,375,617500,419900.0,45,67,11,2023,506.0,470.0,489.3333333333333,494.0,0.0
2023-12-01,2023,12,PRD_004,TER_WE_02,535,165,370,668750,454750.0,48,120,12,2023,494.0,506.0,490.0,535.0,0.0
2024-01-01,2024,1,PRD_004,TER_WE_02,601,124,477,751250,510850.0,58,71,1,2024,535.0,494.0,511.6666666666667,601.0,0.0
2024-02-01,2024,2,PRD_004,TER_WE_02,593,115,478,741250,504050.0,73,90,2,2024,601.0,535.0,543.3333333333334,593.0,0.0
2024-03-01,2024,3,PRD_004,TER_WE_02,559,148,411,698750,475150.0,41,109,3,2024,593.0,601.0,576.3333333333334,559.0,0.0
2024-04-01,2024,4,PRD_004,TER_WE_02,584,179,405,730000,496400.0,45,126,4,2024,559.0,593.0,584.3333333333334,584.0,0.0
2024-05-01,2024,5,PRD_004,TER_WE_02,582,144,438,727500,494700.0,74,60,5,2024,584.0,559.0,578.6666666666666,582.0,0.0
2024-06-01,2024,6,PRD_004,TER_WE_02,531,133,398,663750,451350.0,47,59,6,2024,582.0,584.0,575.0,531.0,0.0
2024-07-01,2024,7,PRD_004,TER_WE_02,501,134,367,626250,425850.0,64,80,7,2024,531.0,582.0,565.6666666666666,501.0,0.0
2024-08-01,2024,8,PRD_004,TER_WE_02,576,176,400,720000,489600.0,36,92,8,2024,501.0,531.0,538.0,576.0,0.0
2024-09-01,2024,9,PRD_004,TER_WE_02,558,114,444,697500,474300.0,40,52,9,2024,576.0,501.0,536.0,558.0,0.0
2024-10-01,2024,10,PRD_004,TER_WE_02,546,167,379,682500,464100.0,28,88,10,2024,558.0,576.0,545.0,546.0,0.0
2024-11-01,2024,11,PRD_004,TER_WE_02,574,172,402,717500,487900.0,35,81,11,2024,546.0,558.0,560.0,574.0,0.0
2024-12-01,2024,12,PRD_004,TER_WE_02,629,191,438,786250,534650.0,56,106,12,2024,574.0,546.0,559.3333333333334,629.0,0.0
2025-01-01,2025,1,PRD_004,TER_WE_02,630,114,516,787500,535500.0,68,63,1,2025,629.0,574.0,583.0,606.0,24.0
2025-02-01,2025,2,PRD_004,TER_WE_02,622,178,444,777500,528700.0,49,74,2,2025,630.0,629.0,611.0,619.0,3.0
2025-03-01,2025,3,PRD_004,TER_WE_02,666,190,476,832500,566100.0,30,102,3,2025,622.0,630.0,627.0,607.0,59.0
2025-04-01,2025,4,PRD_004,TER_WE_02,647,147,500,808750,549950.0,25,97,4,2025,666.0,622.0,639.3333333333334,619.0,28.0
2025-05-01,2025,5,PRD_004,TER_WE_02,588,166,422,735000,499800.0,43,100,5,2025,647.0,666.0,645.0,609.0,-21.0
2025-06-01,2025,6,PRD_004,TER_WE_02,646,184,462,807500,549100.0,69,83,6,2025,588.0,647.0,633.6666666666666,586.0,60.0
2025-07-01,2025,7,PRD_004,TER_WE_02,612,125,487,765000,520200.0,62,90,7,2025,646.0,588.0,627.0,547.0,65.0
2025-08-01,2025,8,PRD_004,TER_WE_02,593,134,459,741250,504050.0,67,60,8,2025,612.0,646.0,615.3333333333334,555.0,38.0
2025-09-01,2025,9,PRD_004,TER_WE_02,603,139,464,753750,512550.0,60,91,9,2025,593.0,612.0,617.0,582.0,21.0
2025-10-01,2025,10,PRD_004,TER_WE_02,643,133,510,803750,546550.0,30,69,10,2025,603.0,593.0,602.6666666666666,578.0,65.0
2025-11-01,2025,11,PRD_004,TER_WE_02,663,191,472,828750,563550.0,47,142,11,2025,643.0,603.0,613.0,661.0,2.0
2025-12-01,2025,12,PRD_004,TER_WE_02,714,196,518,892500,606900.0,61,103,12,2025,663.0,643.0,636.3333333333334,634.0,80.0
2023-04-01,2023,4,PRD_005,TER_MW_01,176,47,129,321200,218416.0,34,21,4,2023,181.0,212.0,193.0,176.0,0.0
2023-05-01,2023,5,PRD_005,TER_MW_01,208,43,165,379600,258128.0,51,18,5,2023,176.0,181.0,189.66666666666666,208.0,0.0
2023-06-01,2023,6,PRD_005,TER_MW_01,193,48,145,352225,239513.0,37,34,6,2023,208.0,176.0,188.33333333333334,193.0,0.0
2023-07-01,2023,7,PRD_005,TER_MW_01,191,60,131,348575,237031.0,48,26,7,2023,193.0,208.0,192.33333333333334,191.0,0.0
2023-08-01,2023,8,PRD_005,TER_MW_01,185,43,142,337625,229585.0,41,19,8,2023,191.0,193.0,197.33333333333334,185.0,0.0
2023-09-01,2023,9,PRD_005,TER_MW_01,208,56,152,379600,258128.0,72,27,9,2023,185.0,191.0,189.66666666666666,208.0,0.0
2023-10-01,2023,10,PRD_005,TER_MW_01,199,40,159,363175,246959.0,30,27,10,2023,208.0,185.0,194.66666666666666,199.0,0.0
2023-11-01,2023,11,PRD_005,TER_MW_01,208,45,163,379600,258128.0,34,27,11,2023,199.0,208.0,197.33333333333334,208.0,0.0
2023-12-01,2023,12,PRD_005,TER_MW_01,214,46,168,390550,265574.0,32,19,12,2023,208.0,199.0,205.0,214.0,0.0
2024-01-01,2024,1,PRD_005,TER_MW_01,227,60,167,414275,281707.0,50,38,1,2024,214.0,208.0,207.0,227.0,0.0
2024-02-01,2024,2,PRD_005,TER_MW_01,218,44,174,397850,270538.0,72,28,2,2024,227.0,214.0,216.33333333333334,218.0,0.0
2024-03-01,2024,3,PRD_005,TER_MW_01,227,46,181,414275,281707.0,63,27,3,2024,218.0,227.0,219.66666666666666,227.0,0.0
2024-04-01,2024,4,PRD_005,TER_MW_01,230,71,159,419750,285430.0,65,52,4,2024,227.0,218.0,224.0,230.0,0.0
2024-05-01,2024,5,PRD_005,TER_MW_01,251,66,185,458075,311491.0,41,38,5,2024,230.0,227.0,225.0,251.0,0.0
2024-06-01,2024,6,PRD_005,TER_MW_01,244,47,197,445300,302804.0,50,28,6,2024,251.0,230.0,236.0,244.0,0.0
2024-07-01,2024,7,PRD_005,TER_MW_01,232,73,159,423400,287912.0,67,32,7,2024,244.0,251.0,241.66666666666666,232.0,0.0
2024-08-01,2024,8,PRD_005,TER_MW_01,222,62,160,405150,275502.0,72,37,8,2024,232.0,244.0,242.33333333333334,222.0,0.0
2024-09-01,2024,9,PRD_005,TER_MW_01,221,61,160,403325,274261.0,61,43,9,2024,222.0,232.0,232.66666666666666,221.0,0.0
2024-10-01,2024,10,PRD_005,TER_MW_01,226,46,180,412450,280466.0,42,23,10,2024,221.0,222.0,225.0,226.0,0.0
2024-11-01,2024,11,PRD_005,TER_MW_01,206,54,152,375950,255646.0,33,36,11,2024,226.0,221.0,223.0,206.0,0.0
2024-12-01,2024,12,PRD_005,TER_MW_01,230,63,167,419750,285430.0,46,41,12,2024,206.0,226.0,217.66666666666666,230.0,0.0
2025-01-01,2025,1,PRD_005,TER_MW_01,244,64,180,445300,302804.0,39,39,1,2025,230.0,206.0,220.66666666666666,232.0,12.0
2025-02-01,2025,2,PRD_005,TER_MW_01,235,66,169,428875,291635.0,33,32,2,2025,244.0,230.0,226.66666666666666,246.0,-11.0
2025-03-01,2025,3,PRD_005,TER_MW_01,281,88,193,512825,348721.0,41,56,3,2025,235.0,244.0,236.33333333333334,247.0,34.0
2025-04-01,2025,4,PRD_005,TER_MW_01,278,84,194,507350,344998.0,71,44,4,2025,281.0,235.0,253.33333333333334,264.0,14.0
2025-05-01,2025,5,PRD_005,TER_MW_01,290,56,234,529250,359890.0,54,33,5,2025,278.0,281.0,264.6666666666667,285.0,5.0
2025-06-01,2025,6,PRD_005,TER_MW_01,262,79,183,478150,325142.0,47,48,6,2025,290.0,278.0,283.0,287.0,-25.0
2025-07-01,2025,7,PRD_005,TER_MW_01,281,71,210,512825,348721.0,49,41,7,2025,262.0,290.0,276.6666666666667,279.0,2.0
2025-08-01,2025,8,PRD_005,TER_MW_01,233,54,179,425225,289153.0,45,29,8,2025,281.0,262.0,277.6666666666667,271.0,-38.0
2025-09-01,2025,9,PRD_005,TER_MW_01,231,41,190,421575,286671.0,39,31,9,2025,233.0,281.0,258.6666666666667,243.0,-12.0
2025-10-01,2025,10,PRD_005,TER_MW_01,251,45,206,458075,311491.0,41,25,10,2025,231.0,233.0,248.33333333333334,239.0,12.0
2025-11-01,2025,11,PRD_005,TER_MW_01,266,67,199,485450,330106.0,25,45,11,2025,251.0,231.0,238.33333333333334,248.0,18.0
2025-12-01,2025,12,PRD_005,TER_MW_01,262,72,190,478150,325142.0,60,45,12,2025,266.0,251.0,249.33333333333334,260.0,2.0
2023-04-01,2023,4,PRD_005,TER_MW_02,199,42,157,363175,246959.0,67,27,4,2023,211.0,198.0,196.33333333333334,199.0,0.0
2023-05-01,2023,5,PRD_005,TER_MW_02,195,60,135,355875,241995.0,61,35,5,2023,199.0,211.0,202.66666666666666,195.0,0.0
2023-06-01,2023,6,PRD_005,TER_MW_02,204,48,156,372300,253164.0,62,33,6,2023,195.0,199.0,201.66666666666666,204.0,0.0
2023-07-01,2023,7,PRD_005,TER_MW_02,205,56,149,374125,254405.0,36,25,7,2023,204.0,195.0,199.33333333333334,205.0,0.0
2023-08-01,2023,8,PRD_005,TER_MW_02,192,46,146,350400,238272.0,39,22,8,2023,205.0,204.0,201.33333333333334,192.0,0.0
2023-09-01,2023,9,PRD_005,TER_MW_02,183,40,143,333975,227103.0,64,18,9,2023,192.0,205.0,200.33333333333334,183.0,0.0
2023-10-01,2023,10,PRD_005,TER_MW_02,199,43,156,363175,246959.0,38,30,10,2023,183.0,192.0,193.33333333333334,199.0,0.0
2023-11-01,2023,11,PRD_005,TER_MW_02,209,48,161,381425,259369.0,31,27,11,2023,199.0,183.0,191.33333333333334,209.0,0.0
2023-12-01,2023,12,PRD_005,TER_MW_02,213,56,157,388725,264333.0,43,42,12,2023,209.0,199.0,197.0,213.0,0.0
2024-01-01,2024,1,PRD_005,TER_MW_02,223,65,158,406975,276743.0,41,37,1,2024,213.0,209.0,207.0,223.0,0.0
2024-02-01,2024,2,PRD_005,TER_MW_02,226,57,169,412450,280466.0,37,30,2,2024,223.0,213.0,215.0,226.0,0.0
2024-03-01,2024,3,PRD_005,TER_MW_02,228,55,173,416100,282948.0,70,23,3,2024,226.0,223.0,220.66666666666666,228.0,0.0
2024-04-01,2024,4,PRD_005,TER_MW_02,220,40,180,401500,273020.0,52,17,4,2024,228.0,226.0,225.66666666666666,220.0,0.0
2024-05-01,2024,5,PRD_005,TER_MW_02,240,51,189,438000,297840.0,30,37,5,2024,220.0,228.0,224.66666666666666,240.0,0.0
2024-06-01,2024,6,PRD_005,TER_MW_02,239,58,181,436175,296599.0,26,25,6,2024,240.0,220.0,229.33333333333334,239.0,0.0
2024-07-01,2024,7,PRD_005,TER_MW_02,230,46,184,419750,285430.0,67,18,7,2024,239.0,240.0,233.0,230.0,0.0
2024-08-01,2024,8,PRD_005,TER_MW_02,196,53,143,357700,243236.0,59,32,8,2024,230.0,239.0,236.33333333333334,196.0,0.0
2024-09-01,2024,9,PRD_005,TER_MW_02,207,43,164,377775,256887.0,28,25,9,2024,196.0,230.0,221.66666666666666,207.0,0.0
2024-10-01,2024,10,PRD_005,TER_MW_02,218,53,165,397850,270538.0,30,32,10,2024,207.0,196.0,211.0,218.0,0.0
2024-11-01,2024,11,PRD_005,TER_MW_02,242,60,182,441650,300322.0,46,47,11,2024,218.0,207.0,207.0,242.0,0.0
2024-12-01,2024,12,PRD_005,TER_MW_02,247,75,172,450775,306527.0,65,42,12,2024,242.0,218.0,222.33333333333334,247.0,0.0
2025-01-01,2025,1,PRD_005,TER_MW_02,269,73,196,490925,333829.0,46,48,1,2025,247.0,242.0,235.66666666666666,257.0,12.0
2025-02-01,2025,2,PRD_005,TER_MW_02,260,53,207,474500,322660.0,49,38,2,2025,269.0,247.0,252.66666666666666,265.0,-5.0
2025-03-01,2025,3,PRD_005,TER_MW_02,285,55,230,520125,353685.0,25,32,3,2025,260.0,269.0,258.6666666666667,264.0,21.0
2025-04-01,2025,4,PRD_005,TER_MW_02,251,60,191,458075,311491.0,26,26,4,2025,285.0,260.0,271.3333333333333,287.0,-36.0
2025-05-01,2025,5,PRD_005,TER_MW_02,247,72,175,450775,306527.0,64,51,5,2025,251.0,285.0,265.3333333333333,296.0,-49.0
2025-06-01,2025,6,PRD_005,TER_MW_02,285,82,203,520125,353685.0,30,58,6,2025,247.0,251.0,261.0,269.0,16.0
2025-07-01,2025,7,PRD_005,TER_MW_02,250,58,192,456250,310250.0,72,46,7,2025,285.0,247.0,261.0,257.0,-7.0
2025-08-01,2025,8,PRD_005,TER_MW_02,244,52,192,445300,302804.0,37,39,8,2025,250.0,285.0,260.6666666666667,251.0,-7.0
2025-09-01,2025,9,PRD_005,TER_MW_02,237,48,189,432525,294117.0,66,36,9,2025,244.0,250.0,259.6666666666667,253.0,-16.0
2025-10-01,2025,10,PRD_005,TER_MW_02,276,78,198,503700,342516.0,41,51,10,2025,237.0,244.0,243.66666666666666,248.0,28.0
2025-11-01,2025,11,PRD_005,TER_MW_02,262,51,211,478150,325142.0,64,29,11,2025,276.0,237.0,252.33333333333334,263.0,-1.0
2025-12-01,2025,12,PRD_005,TER_MW_02,269,56,213,490925,333829.0,33,37,12,2025,262.0,276.0,258.3333333333333,268.0,1.0
2023-04-01,2023,4,PRD_005,TER_NE_01,199,61,138,363175,246959.0,72,47,4,2023,213.0,212.0,202.33333333333334,199.0,0.0
2023-05-01,2023,5,PRD_005,TER_NE_01,213,52,161,388725,264333.0,39,32,5,2023,199.0,213.0,208.0,213.0,0.0
2023-06-01,2023,6,PRD_005,TER_NE_01,186,39,147,339450,230826.0,57,26,6,2023,213.0,199.0,208.33333333333334,186.0,0.0
2023-07-01,2023,7,PRD_005,TER_NE_01,191,41,150,348575,237031.0,51,26,7,2023,186.0,213.0,199.33333333333334,191.0,0.0
2023-08-01,2023,8,PRD_005,TER_NE_01,180,37,143,328500,223380.0,44,18,8,2023,191.0,186.0,196.66666666666666,180.0,0.0
2023-09-01,2023,9,PRD_005,TER_NE_01,195,51,144,355875,241995.0,41,38,9,2023,180.0,191.0,185.66666666666666,195.0,0.0
2023-10-01,2023,10,PRD_005,TER_NE_01,208,54,154,379600,258128.0,44,33,10,2023,195.0,180.0,188.66666666666666,208.0,0.0
2023-11-01,2023,11,PRD_005,TER_NE_01,203,53,150,370475,251923.0,52,21,11,2023,208.0,195.0,194.33333333333334,203.0,0.0
2023-12-01,2023,12,PRD_005,TER_NE_01,205,58,147,374125,254405.0,38,27,12,2023,203.0,208.0,202.0,205.0,0.0
2024-01-01,2024,1,PRD_005,TER_NE_01,239,70,169,436175,296599.0,55,50,1,2024,205.0,203.0,205.33333333333334,239.0,0.0
2024-02-01,2024,2,PRD_005,TER_NE_01,247,54,193,450775,306527.0,43,36,2,2024,239.0,205.0,215.66666666666666,247.0,0.0
2024-03-01,2024,3,PRD_005,TER_NE_01,235,68,167,428875,291635.0,69,49,3,2024,247.0,239.0,230.33333333333334,235.0,0.0
2024-04-01,2024,4,PRD_005,TER_NE_01,212,54,158,386900,263092.0,39,36,4,2024,235.0,247.0,240.33333333333334,212.0,0.0
2024-05-01,2024,5,PRD_005,TER_NE_01,235,58,177,428875,291635.0,72,34,5,2024,212.0,235.0,231.33333333333334,235.0,0.0
2024-06-01,2024,6,PRD_005,TER_NE_01,248,51,197,452600,307768.0,53,31,6,2024,235.0,212.0,227.33333333333334,248.0,0.0
2024-07-01,2024,7,PRD_005,TER_NE_01,229,52,177,417925,284189.0,32,33,7,2024,248.0,235.0,231.66666666666666,229.0,0.0
2024-08-01,2024,8,PRD_005,TER_NE_01,225,48,177,410625,279225.0,30,32,8,2024,229.0,248.0,237.33333333333334,225.0,0.0
2024-09-01,2024,9,PRD_005,TER_NE_01,217,61,156,396025,269297.0,56,32,9,2024,225.0,229.0,234.0,217.0,0.0
2024-10-01,2024,10,PRD_005,TER_NE_01,230,57,173,419750,285430.0,46,42,10,2024,217.0,225.0,223.66666666666666,230.0,0.0
2024-11-01,2024,11,PRD_005,TER_NE_01,238,63,175,434350,295358.0,67,35,11,2024,230.0,217.0,224.0,238.0,0.0
2024-12-01,2024,12,PRD_005,TER_NE_01,240,53,187,438000,297840.0,41,40,12,2024,238.0,230.0,228.33333333333334,240.0,0.0
2025-01-01,2025,1,PRD_005,TER_NE_01,240,57,183,438000,297840.0,28,30,1,2025,240.0,238.0,236.0,245.0,-5.0
2025-02-01,2025,2,PRD_005,TER_NE_01,268,55,213,489100,332588.0,60,38,2,2025,240.0,240.0,239.33333333333334,249.0,19.0
2025-03-01,2025,3,PRD_005,TER_NE_01,267,67,200,487275,331347.0,48,30,3,2025,268.0,240.0,249.33333333333334,252.0,15.0
2025-04-01,2025,4,PRD_005,TER_NE_01,291,87,204,531075,361131.0,34,65,4,2025,267.0,268.0,258.3333333333333,275.0,16.0
2025-05-01,2025,5,PRD_005,TER_NE_01,266,66,200,485450,330106.0,41,44,5,2025,291.0,267.0,275.3333333333333,286.0,-20.0
2025-06-01,2025,6,PRD_005,TER_NE_01,264,55,209,481800,327624.0,45,30,6,2025,266.0,291.0,274.6666666666667,277.0,-13.0
2025-07-01,2025,7,PRD_005,TER_NE_01,269,65,204,490925,333829.0,53,29,7,2025,264.0,266.0,273.6666666666667,278.0,-9.0
2025-08-01,2025,8,PRD_005,TER_NE_01,248,56,192,452600,307768.0,64,37,8,2025,269.0,264.0,266.3333333333333,270.0,-22.0
2025-09-01,2025,9,PRD_005,TER_NE_01,261,64,197,476325,323901.0,71,38,9,2025,248.0,269.0,260.3333333333333,250.0,11.0
2025-10-01,2025,10,PRD_005,TER_NE_01,254,47,207,463550,315214.0,57,35,10,2025,261.0,248.0,259.3333333333333,260.0,-6.0
2025-11-01,2025,11,PRD_005,TER_NE_01,268,53,215,489100,332588.0,60,40,11,2025,254.0,261.0,254.33333333333334,269.0,-1.0
2025-12-01,2025,12,PRD_005,TER_NE_01,271,78,193,494575,336311.0,61,43,12,2025,268.0,254.0,261.0,270.0,1.0
2023-04-01,2023,4,PRD_005,TER_NE_02,210,57,153,383250,260610.0,41,38,4,2023,196.0,197.0,195.0,210.0,0.0
2023-05-01,2023,5,PRD_005,TER_NE_02,195,40,155,355875,241995.0,32,18,5,2023,210.0,196.0,201.0,195.0,0.0
2023-06-01,2023,6,PRD_005,TER_NE_02,177,33,144,323025,219657.0,72,17,6,2023,195.0,210.0,200.33333333333334,177.0,0.0
2023-07-01,2023,7,PRD_005,TER_NE_02,205,44,161,374125,254405.0,63,31,7,2023,177.0,195.0,194.0,205.0,0.0
2023-08-01,2023,8,PRD_005,TER_NE_02,197,42,155,359525,244477.0,37,27,8,2023,205.0,177.0,192.33333333333334,197.0,0.0
2023-09-01,2023,9,PRD_005,TER_NE_02,196,61,135,357700,243236.0,59,33,9,2023,197.0,205.0,193.0,196.0,0.0
2023-10-01,2023,10,PRD_005,TER_NE_02,192,48,144,350400,238272.0,34,29,10,2023,196.0,197.0,199.33333333333334,192.0,0.0
2023-11-01,2023,11,PRD_005,TER_NE_02,209,51,158,381425,259369.0,69,37,11,2023,192.0,196.0,195.0,209.0,0.0
2023-12-01,2023,12,PRD_005,TER_NE_02,223,69,154,406975,276743.0,31,28,12,2023,209.0,192.0,199.0,223.0,0.0
2024-01-01,2024,1,PRD_005,TER_NE_02,223,42,181,406975,276743.0,25,26,1,2024,223.0,209.0,208.0,223.0,0.0
2024-02-01,2024,2,PRD_005,TER_NE_02,238,52,186,434350,295358.0,47,26,2,2024,223.0,223.0,218.33333333333334,238.0,0.0
2024-03-01,2024,3,PRD_005,TER_NE_02,209,44,165,381425,259369.0,73,30,3,2024,238.0,223.0,228.0,209.0,0.0
2024-04-01,2024,4,PRD_005,TER_NE_02,225,64,161,410625,279225.0,40,47,4,2024,209.0,238.0,223.33333333333334,225.0,0.0
2024-05-01,2024,5,PRD_005,TER_NE_02,238,61,177,434350,295358.0,73,45,5,2024,225.0,209.0,224.0,238.0,0.0
2024-06-01,2024,6,PRD_005,TER_NE_02,239,45,194,436175,296599.0,26,29,6,2024,238.0,225.0,224.0,239.0,0.0
2024-07-01,2024,7,PRD_005,TER_NE_02,235,64,171,428875,291635.0,49,26,7,2024,239.0,238.0,234.0,235.0,0.0
2024-08-01,2024,8,PRD_005,TER_NE_02,227,57,170,414275,281707.0,65,27,8,2024,235.0,239.0,237.33333333333334,227.0,0.0
2024-09-01,2024,9,PRD_005,TER_NE_02,204,61,143,372300,253164.0,65,36,9,2024,227.0,235.0,233.66666666666666,204.0,0.0
2024-10-01,2024,10,PRD_005,TER_NE_02,222,52,170,405150,275502.0,54,36,10,2024,204.0,227.0,222.0,222.0,0.0
2024-11-01,2024,11,PRD_005,TER_NE_02,242,53,189,441650,300322.0,41,22,11,2024,222.0,204.0,217.66666666666666,242.0,0.0
2024-12-01,2024,12,PRD_005,TER_NE_02,225,70,155,410625,279225.0,37,52,12,2024,242.0,222.0,222.66666666666666,225.0,0.0
2025-01-01,2025,1,PRD_005,TER_NE_02,249,45,204,454425,309009.0,32,31,1,2025,225.0,242.0,229.66666666666666,233.0,16.0
2025-02-01,2025,2,PRD_005,TER_NE_02,279,80,199,509175,346239.0,38,36,2,2025,249.0,225.0,238.66666666666666,249.0,30.0
2025-03-01,2025,3,PRD_005,TER_NE_02,281,59,222,512825,348721.0,30,38,3,2025,279.0,249.0,251.0,256.0,25.0
2025-04-01,2025,4,PRD_005,TER_NE_02,260,64,196,474500,322660.0,46,43,4,2025,281.0,279.0,269.6666666666667,286.0,-26.0
2025-05-01,2025,5,PRD_005,TER_NE_02,256,63,193,467200,317696.0,70,50,5,2025,260.0,281.0,273.3333333333333,294.0,-38.0
2025-06-01,2025,6,PRD_005,TER_NE_02,260,48,212,474500,322660.0,45,28,6,2025,256.0,260.0,265.6666666666667,279.0,-19.0
2025-07-01,2025,7,PRD_005,TER_NE_02,265,61,204,483625,328865.0,53,39,7,2025,260.0,256.0,258.6666666666667,256.0,9.0
2025-08-01,2025,8,PRD_005,TER_NE_02,237,57,180,432525,294117.0,30,39,8,2025,265.0,260.0,260.3333333333333,248.0,-11.0
2025-09-01,2025,9,PRD_005,TER_NE_02,258,75,183,470850,320178.0,42,47,9,2025,237.0,265.0,254.0,249.0,9.0
2025-10-01,2025,10,PRD_005,TER_NE_02,239,43,196,436175,296599.0,39,29,10,2025,258.0,237.0,253.33333333333334,262.0,-23.0
2025-11-01,2025,11,PRD_005,TER_NE_02,252,60,192,459900,312732.0,48,29,11,2025,239.0,258.0,244.66666666666666,251.0,1.0
2025-12-01,2025,12,PRD_005,TER_NE_02,281,60,221,512825,348721.0,30,24,12,2025,252.0,239.0,249.66666666666666,256.0,25.0
2023-04-01,2023,4,PRD_005,TER_SO_01,252,55,197,459900,312732.0,45,32,4,2023,235.0,259.0,241.0,252.0,0.0
2023-05-01,2023,5,PRD_005,TER_SO_01,240,70,170,438000,297840.0,58,52,5,2023,252.0,235.0,248.66666666666666,240.0,0.0
2023-06-01,2023,6,PRD_005,TER_SO_01,247,46,201,450775,306527.0,66,26,6,2023,240.0,252.0,242.33333333333334,247.0,0.0
2023-07-01,2023,7,PRD_005,TER_SO_01,238,51,187,434350,295358.0,45,38,7,2023,247.0,240.0,246.33333333333334,238.0,0.0
2023-08-01,2023,8,PRD_005,TER_SO_01,226,70,156,412450,280466.0,47,36,8,2023,238.0,247.0,241.66666666666666,226.0,0.0
2023-09-01,2023,9,PRD_005,TER_SO_01,225,68,157,410625,279225.0,55,29,9,2023,226.0,238.0,237.0,225.0,0.0
2023-10-01,2023,10,PRD_005,TER_SO_01,256,68,188,467200,317696.0,62,35,10,2023,225.0,226.0,229.66666666666666,256.0,0.0
2023-11-01,2023,11,PRD_005,TER_SO_01,249,51,198,454425,309009.0,39,32,11,2023,256.0,225.0,235.66666666666666,249.0,0.0
2023-12-01,2023,12,PRD_005,TER_SO_01,275,82,193,501875,341275.0,58,41,12,2023,249.0,256.0,243.33333333333334,275.0,0.0
2024-01-01,2024,1,PRD_005,TER_SO_01,277,71,206,505525,343757.0,36,45,1,2024,275.0,249.0,260.0,277.0,0.0
2024-02-01,2024,2,PRD_005,TER_SO_01,287,55,232,523775,356167.0,36,41,2,2024,277.0,275.0,267.0,287.0,0.0
2024-03-01,2024,3,PRD_005,TER_SO_01,306,92,214,558450,379746.0,42,68,3,2024,287.0,277.0,279.6666666666667,306.0,0.0
2024-04-01,2024,4,PRD_005,TER_SO_01,267,85,182,487275,331347.0,37,34,4,2024,306.0,287.0,290.0,267.0,0.0
2024-05-01,2024,5,PRD_005,TER_SO_01,275,85,190,501875,341275.0,38,52,5,2024,267.0,306.0,286.6666666666667,275.0,0.0
2024-06-01,2024,6,PRD_005,TER_SO_01,289,58,231,527425,358649.0,74,23,6,2024,275.0,267.0,282.6666666666667,289.0,0.0
2024-07-01,2024,7,PRD_005,TER_SO_01,276,73,203,503700,342516.0,27,58,7,2024,289.0,275.0,277.0,276.0,0.0
2024-08-01,2024,8,PRD_005,TER_SO_01,271,79,192,494575,336311.0,35,42,8,2024,276.0,289.0,280.0,271.0,0.0
2024-09-01,2024,9,PRD_005,TER_SO_01,270,54,216,492750,335070.0,26,35,9,2024,271.0,276.0,278.6666666666667,270.0,0.0
2024-10-01,2024,10,PRD_005,TER_SO_01,293,72,221,534725,363613.0,55,36,10,2024,270.0,271.0,272.3333333333333,293.0,0.0
2024-11-01,2024,11,PRD_005,TER_SO_01,320,72,248,584000,397120.0,57,54,11,2024,293.0,270.0,278.0,320.0,0.0
2024-12-01,2024,12,PRD_005,TER_SO_01,308,57,251,562100,382228.0,58,43,12,2024,320.0,293.0,294.3333333333333,308.0,0.0
2025-01-01,2025,1,PRD_005,TER_SO_01,353,107,246,644225,438073.0,55,63,1,2025,308.0,320.0,307.0,313.0,40.0
2025-02-01,2025,2,PRD_005,TER_SO_01,316,68,248,576700,392156.0,60,33,2,2025,353.0,308.0,327.0,341.0,-25.0
2025-03-01,2025,3,PRD_005,TER_SO_01,350,89,261,638750,434350.0,74,49,3,2025,316.0,353.0,325.6666666666667,326.0,24.0
2025-04-01,2025,4,PRD_005,TER_SO_01,356,65,291,649700,441796.0,58,46,4,2025,350.0,316.0,339.6666666666667,346.0,10.0
2025-05-01,2025,5,PRD_005,TER_SO_01,341,101,240,622325,423181.0,32,63,5,2025,356.0,350.0,340.6666666666667,367.0,-26.0
2025-06-01,2025,6,PRD_005,TER_SO_01,345,68,277,629625,428145.0,26,52,6,2025,341.0,356.0,349.0,362.0,-17.0
2025-07-01,2025,7,PRD_005,TER_SO_01,328,88,240,598600,407048.0,40,49,7,2025,345.0,341.0,347.3333333333333,357.0,-29.0
2025-08-01,2025,8,PRD_005,TER_SO_01,339,71,268,618675,420699.0,63,46,8,2025,328.0,345.0,338.0,344.0,-5.0
2025-09-01,2025,9,PRD_005,TER_SO_01,306,60,246,558450,379746.0,40,44,9,2025,339.0,328.0,337.3333333333333,331.0,-25.0
2025-10-01,2025,10,PRD_005,TER_SO_01,304,75,229,554800,377264.0,51,54,10,2025,306.0,339.0,324.3333333333333,325.0,-21.0
2025-11-01,2025,11,PRD_005,TER_SO_01,349,94,255,636925,433109.0,64,41,11,2025,304.0,306.0,316.3333333333333,304.0,45.0
2025-12-01,2025,12,PRD_005,TER_SO_01,343,71,272,625975,425663.0,55,53,12,2025,349.0,304.0,319.6666666666667,348.0,-5.0
2023-04-01,2023,4,PRD_005,TER_SO_02,253,68,185,461725,313973.0,61,28,4,2023,246.0,243.0,237.0,253.0,0.0
2023-05-01,2023,5,PRD_005,TER_SO_02,264,67,197,481800,327624.0,47,51,5,2023,253.0,246.0,247.33333333333334,264.0,0.0
2023-06-01,2023,6,PRD_005,TER_SO_02,266,55,211,485450,330106.0,67,33,6,2023,264.0,253.0,254.33333333333334,266.0,0.0
2023-07-01,2023,7,PRD_005,TER_SO_02,223,65,158,406975,276743.0,70,43,7,2023,266.0,264.0,261.0,223.0,0.0
2023-08-01,2023,8,PRD_005,TER_SO_02,229,47,182,417925,284189.0,50,33,8,2023,223.0,266.0,251.0,229.0,0.0
2023-09-01,2023,9,PRD_005,TER_SO_02,236,52,184,430700,292876.0,39,36,9,2023,229.0,223.0,239.33333333333334,236.0,0.0
2023-10-01,2023,10,PRD_005,TER_SO_02,239,43,196,436175,296599.0,40,20,10,2023,236.0,229.0,229.33333333333334,239.0,0.0
2023-11-01,2023,11,PRD_005,TER_SO_02,249,58,191,454425,309009.0,62,35,11,2023,239.0,236.0,234.66666666666666,249.0,0.0
2023-12-01,2023,12,PRD_005,TER_SO_02,259,79,180,472675,321419.0,42,61,12,2023,249.0,239.0,241.33333333333334,259.0,0.0
2024-01-01,2024,1,PRD_005,TER_SO_02,279,77,202,509175,346239.0,39,54,1,2024,259.0,249.0,249.0,279.0,0.0
2024-02-01,2024,2,PRD_005,TER_SO_02,264,74,190,481800,327624.0,42,40,2,2024,279.0,259.0,262.3333333333333,264.0,0.0
2024-03-01,2024,3,PRD_005,TER_SO_02,311,81,230,567575,385951.0,58,44,3,2024,264.0,279.0,267.3333333333333,311.0,0.0
2024-04-01,2024,4,PRD_005,TER_SO_02,298,84,214,543850,369818.0,67,61,4,2024,311.0,264.0,284.6666666666667,298.0,0.0
2024-05-01,2024,5,PRD_005,TER_SO_02,247,48,199,450775,306527.0,31,22,5,2024,298.0,311.0,291.0,247.0,0.0
2024-06-01,2024,6,PRD_005,TER_SO_02,291,68,223,531075,361131.0,33,52,6,2024,247.0,298.0,285.3333333333333,291.0,0.0
2024-07-01,2024,7,PRD_005,TER_SO_02,257,55,202,469025,318937.0,74,31,7,2024,291.0,247.0,278.6666666666667,257.0,0.0
2024-08-01,2024,8,PRD_005,TER_SO_02,283,80,203,516475,351203.0,31,45,8,2024,257.0,291.0,265.0,283.0,0.0
2024-09-01,2024,9,PRD_005,TER_SO_02,261,65,196,476325,323901.0,53,50,9,2024,283.0,257.0,277.0,261.0,0.0
2024-10-01,2024,10,PRD_005,TER_SO_02,300,93,207,547500,372300.0,59,60,10,2024,261.0,283.0,267.0,300.0,0.0
2024-11-01,2024,11,PRD_005,TER_SO_02,302,55,247,551150,374782.0,31,36,11,2024,300.0,261.0,281.3333333333333,302.0,0.0
2024-12-01,2024,12,PRD_005,TER_SO_02,291,86,205,531075,361131.0,27,35,12,2024,302.0,300.0,287.6666666666667,291.0,0.0
2025-01-01,2025,1,PRD_005,TER_SO_02,288,81,207,525600,357408.0,39,45,1,2025,291.0,302.0,297.6666666666667,298.0,-10.0
2025-02-01,2025,2,PRD_005,TER_SO_02,323,93,230,589475,400843.0,26,58,2,2025,288.0,291.0,293.6666666666667,299.0,24.0
2025-03-01,2025,3,PRD_005,TER_SO_02,361,73,288,658825,448001.0,51,43,3,2025,323.0,288.0,300.6666666666667,317.0,44.0
2025-04-01,2025,4,PRD_005,TER_SO_02,336,76,260,613200,416976.0,50,39,4,2025,361.0,323.0,324.0,325.0,11.0
2025-05-01,2025,5,PRD_005,TER_SO_02,345,93,252,629625,428145.0,47,60,5,2025,336.0,361.0,340.0,367.0,-22.0
2025-06-01,2025,6,PRD_005,TER_SO_02,310,90,220,565750,384710.0,30,44,6,2025,345.0,336.0,347.3333333333333,346.0,-36.0
2025-07-01,2025,7,PRD_005,TER_SO_02,326,84,242,594950,404566.0,64,63,7,2025,310.0,345.0,330.3333333333333,321.0,5.0
2025-08-01,2025,8,PRD_005,TER_SO_02,317,91,226,578525,393397.0,74,37,8,2025,326.0,310.0,327.0,307.0,10.0
2025-09-01,2025,9,PRD_005,TER_SO_02,335,106,229,611375,415735.0,66,72,9,2025,317.0,326.0,317.6666666666667,303.0,32.0
2025-10-01,2025,10,PRD_005,TER_SO_02,300,70,230,547500,372300.0,34,35,10,2025,335.0,317.0,326.0,319.0,-19.0
2025-11-01,2025,11,PRD_005,TER_SO_02,307,82,225,560275,380987.0,54,52,11,2025,300.0,335.0,317.3333333333333,312.0,-5.0
2025-12-01,2025,12,PRD_005,TER_SO_02,360,102,258,657000,446760.0,72,67,12,2025,307.0,300.0,314.0,320.0,40.0
2023-04-01,2023,4,PRD_005,TER_WE_01,256,64,192,467200,317696.0,65,37,4,2023,231.0,236.0,228.33333333333334,256.0,0.0
2023-05-01,2023,5,PRD_005,TER_WE_01,261,66,195,476325,323901.0,30,27,5,2023,256.0,231.0,241.0,261.0,0.0
2023-06-01,2023,6,PRD_005,TER_WE_01,235,71,164,428875,291635.0,33,29,6,2023,261.0,256.0,249.33333333333334,235.0,0.0
2023-07-01,2023,7,PRD_005,TER_WE_01,249,75,174,454425,309009.0,64,52,7,2023,235.0,261.0,250.66666666666666,249.0,0.0
2023-08-01,2023,8,PRD_005,TER_WE_01,247,65,182,450775,306527.0,42,39,8,2023,249.0,235.0,248.33333333333334,247.0,0.0
2023-09-01,2023,9,PRD_005,TER_WE_01,242,64,178,441650,300322.0,59,27,9,2023,247.0,249.0,243.66666666666666,242.0,0.0
2023-10-01,2023,10,PRD_005,TER_WE_01,259,68,191,472675,321419.0,55,28,10,2023,242.0,247.0,246.0,259.0,0.0
2023-11-01,2023,11,PRD_005,TER_WE_01,224,66,158,408800,277984.0,44,38,11,2023,259.0,242.0,249.33333333333334,224.0,0.0
2023-12-01,2023,12,PRD_005,TER_WE_01,250,62,188,456250,310250.0,48,30,12,2023,224.0,259.0,241.66666666666666,250.0,0.0
2024-01-01,2024,1,PRD_005,TER_WE_01,264,64,200,481800,327624.0,26,35,1,2024,250.0,224.0,244.33333333333334,264.0,0.0
2024-02-01,2024,2,PRD_005,TER_WE_01,275,75,200,501875,341275.0,50,55,2,2024,264.0,250.0,246.0,275.0,0.0
2024-03-01,2024,3,PRD_005,TER_WE_01,290,68,222,529250,359890.0,33,33,3,2024,275.0,264.0,263.0,290.0,0.0
2024-04-01,2024,4,PRD_005,TER_WE_01,307,93,214,560275,380987.0,66,50,4,2024,290.0,275.0,276.3333333333333,307.0,0.0
2024-05-01,2024,5,PRD_005,TER_WE_01,289,59,230,527425,358649.0,33,27,5,2024,307.0,290.0,290.6666666666667,289.0,0.0
2024-06-01,2024,6,PRD_005,TER_WE_01,302,56,246,551150,374782.0,38,33,6,2024,289.0,307.0,295.3333333333333,302.0,0.0
2024-07-01,2024,7,PRD_005,TER_WE_01,298,80,218,543850,369818.0,41,63,7,2024,302.0,289.0,299.3333333333333,298.0,0.0
2024-08-01,2024,8,PRD_005,TER_WE_01,282,71,211,514650,349962.0,48,41,8,2024,298.0,302.0,296.3333333333333,282.0,0.0
2024-09-01,2024,9,PRD_005,TER_WE_01,275,84,191,501875,341275.0,64,33,9,2024,282.0,298.0,294.0,275.0,0.0
2024-10-01,2024,10,PRD_005,TER_WE_01,283,53,230,516475,351203.0,56,37,10,2024,275.0,282.0,285.0,283.0,0.0
2024-11-01,2024,11,PRD_005,TER_WE_01,267,50,217,487275,331347.0,43,22,11,2024,283.0,275.0,280.0,267.0,0.0
2024-12-01,2024,12,PRD_005,TER_WE_01,322,60,262,587650,399602.0,34,34,12,2024,267.0,283.0,275.0,322.0,0.0
2025-01-01,2025,1,PRD_005,TER_WE_01,304,61,243,554800,377264.0,65,31,1,2025,322.0,267.0,290.6666666666667,316.0,-12.0
2025-02-01,2025,2,PRD_005,TER_WE_01,353,70,283,644225,438073.0,28,45,2,2025,304.0,322.0,297.6666666666667,307.0,46.0
2025-03-01,2025,3,PRD_005,TER_WE_01,327,73,254,596775,405807.0,48,48,3,2025,353.0,304.0,326.3333333333333,339.0,-12.0
2025-04-01,2025,4,PRD_005,TER_WE_01,354,74,280,646050,439314.0,57,45,4,2025,327.0,353.0,328.0,337.0,17.0
2025-05-01,2025,5,PRD_005,TER_WE_01,316,61,255,576700,392156.0,63,46,5,2025,354.0,327.0,344.6666666666667,350.0,-34.0
2025-06-01,2025,6,PRD_005,TER_WE_01,329,83,246,600425,408289.0,63,41,6,2025,316.0,354.0,332.3333333333333,312.0,17.0
2025-07-01,2025,7,PRD_005,TER_WE_01,328,66,262,598600,407048.0,32,45,7,2025,329.0,316.0,333.0,312.0,16.0
2025-08-01,2025,8,PRD_005,TER_WE_01,305,91,214,556625,378505.0,69,45,8,2025,328.0,329.0,324.3333333333333,312.0,-7.0
2025-09-01,2025,9,PRD_005,TER_WE_01,312,93,219,569400,387192.0,74,38,9,2025,305.0,328.0,320.6666666666667,289.0,23.0
2025-10-01,2025,10,PRD_005,TER_WE_01,304,77,227,554800,377264.0,47,49,10,2025,312.0,305.0,315.0,304.0,0.0
2025-11-01,2025,11,PRD_005,TER_WE_01,307,74,233,560275,380987.0,52,40,11,2025,304.0,312.0,307.0,298.0,9.0
2025-12-01,2025,12,PRD_005,TER_WE_01,341,105,236,622325,423181.0,61,58,12,2025,307.0,304.0,307.6666666666667,315.0,26.0
2023-04-01,2023,4,PRD_005,TER_WE_02,249,48,201,454425,309009.0,38,33,4,2023,264.0,238.0,241.33333333333334,249.0,0.0
2023-05-01,2023,5,PRD_005,TER_WE_02,221,69,152,403325,274261.0,31,33,5,2023,249.0,264.0,250.33333333333334,221.0,0.0
2023-06-01,2023,6,PRD_005,TER_WE_02,228,66,162,416100,282948.0,26,43,6,2023,221.0,249.0,244.66666666666666,228.0,0.0
2023-07-01,2023,7,PRD_005,TER_WE_02,237,57,180,432525,294117.0,37,41,7,2023,228.0,221.0,232.66666666666666,237.0,0.0
2023-08-01,2023,8,PRD_005,TER_WE_02,250,69,181,456250,310250.0,37,48,8,2023,237.0,228.0,228.66666666666666,250.0,0.0
2023-09-01,2023,9,PRD_005,TER_WE_02,248,55,193,452600,307768.0,74,36,9,2023,250.0,237.0,238.33333333333334,248.0,0.0
2023-10-01,2023,10,PRD_005,TER_WE_02,262,72,190,478150,325142.0,41,47,10,2023,248.0,250.0,245.0,262.0,0.0
2023-11-01,2023,11,PRD_005,TER_WE_02,249,45,204,454425,309009.0,27,19,11,2023,262.0,248.0,253.33333333333334,249.0,0.0
2023-12-01,2023,12,PRD_005,TER_WE_02,281,60,221,512825,348721.0,58,25,12,2023,249.0,262.0,253.0,281.0,0.0
2024-01-01,2024,1,PRD_005,TER_WE_02,285,71,214,520125,353685.0,37,38,1,2024,281.0,249.0,264.0,285.0,0.0
2024-02-01,2024,2,PRD_005,TER_WE_02,288,65,223,525600,357408.0,47,41,2,2024,285.0,281.0,271.6666666666667,288.0,0.0
2024-03-01,2024,3,PRD_005,TER_WE_02,279,87,192,509175,346239.0,59,53,3,2024,288.0,285.0,284.6666666666667,279.0,0.0
2024-04-01,2024,4,PRD_005,TER_WE_02,310,61,249,565750,384710.0,70,31,4,2024,279.0,288.0,284.0,310.0,0.0
2024-05-01,2024,5,PRD_005,TER_WE_02,301,71,230,549325,373541.0,37,54,5,2024,310.0,279.0,292.3333333333333,301.0,0.0
2024-06-01,2024,6,PRD_005,TER_WE_02,319,87,232,582175,395879.0,49,60,6,2024,301.0,310.0,296.6666666666667,319.0,0.0
2024-07-01,2024,7,PRD_005,TER_WE_02,292,63,229,532900,362372.0,51,33,7,2024,319.0,301.0,310.0,292.0,0.0
2024-08-01,2024,8,PRD_005,TER_WE_02,265,70,195,483625,328865.0,65,39,8,2024,292.0,319.0,304.0,265.0,0.0
2024-09-01,2024,9,PRD_005,TER_WE_02,244,54,190,445300,302804.0,54,32,9,2024,265.0,292.0,292.0,244.0,0.0
2024-10-01,2024,10,PRD_005,TER_WE_02,297,57,240,542025,368577.0,55,29,10,2024,244.0,265.0,267.0,297.0,0.0
2024-11-01,2024,11,PRD_005,TER_WE_02,297,54,243,542025,368577.0,67,26,11,2024,297.0,244.0,268.6666666666667,297.0,0.0
2024-12-01,2024,12,PRD_005,TER_WE_02,282,63,219,514650,349962.0,58,34,12,2024,297.0,297.0,279.3333333333333,282.0,0.0
2025-01-01,2025,1,PRD_005,TER_WE_02,292,55,237,532900,362372.0,69,32,1,2025,282.0,297.0,292.0,290.0,2.0
2025-02-01,2025,2,PRD_005,TER_WE_02,326,90,236,594950,404566.0,51,46,2,2025,292.0,282.0,290.3333333333333,293.0,33.0
2025-03-01,2025,3,PRD_005,TER_WE_02,318,95,223,580350,394638.0,54,59,3,2025,326.0,292.0,300.0,332.0,-14.0
2025-04-01,2025,4,PRD_005,TER_WE_02,356,112,244,649700,441796.0,59,81,4,2025,318.0,326.0,312.0,307.0,49.0
2025-05-01,2025,5,PRD_005,TER_WE_02,344,67,277,627800,426904.0,71,35,5,2025,356.0,318.0,333.3333333333333,326.0,18.0
2025-06-01,2025,6,PRD_005,TER_WE_02,327,60,267,596775,405807.0,51,35,6,2025,344.0,356.0,339.3333333333333,344.0,-17.0
2025-07-01,2025,7,PRD_005,TER_WE_02,327,67,260,596775,405807.0,63,49,7,2025,327.0,344.0,342.3333333333333,350.0,-23.0
2025-08-01,2025,8,PRD_005,TER_WE_02,308,94,214,562100,382228.0,67,74,8,2025,327.0,327.0,332.6666666666667,317.0,-9.0
2025-09-01,2025,9,PRD_005,TER_WE_02,301,92,209,549325,373541.0,50,38,9,2025,308.0,327.0,320.6666666666667,284.0,17.0
2025-10-01,2025,10,PRD_005,TER_WE_02,307,97,210,560275,380987.0,44,47,10,2025,301.0,308.0,312.0,301.0,6.0
2025-11-01,2025,11,PRD_005,TER_WE_02,315,83,232,574875,390915.0,45,45,11,2025,307.0,301.0,305.3333333333333,298.0,17.0
2025-12-01,2025,12,PRD_005,TER_WE_02,354,89,265,646050,439314.0,48,43,12,2025,315.0,307.0,307.6666666666667,307.0,47.0
2023-04-01,2023,4,PRD_006,TER_MW_01,482,96,386,939900,610935.0,69,49,4,2023,456.0,428.0,436.6666666666667,482.0,0.0
2023-05-01,2023,5,PRD_006,TER_MW_01,425,85,340,828750,538687.5,74,64,5,2023,482.0,456.0,455.3333333333333,425.0,0.0
2023-06-01,2023,6,PRD_006,TER_MW_01,428,75,353,834600,542490.0,37,39,6,2023,425.0,482.0,454.3333333333333,428.0,0.0
2023-07-01,2023,7,PRD_006,TER_MW_01,443,62,381,863850,561502.5,51,30,7,2023,428.0,425.0,445.0,443.0,0.0
2023-08-01,2023,8,PRD_006,TER_MW_01,439,79,360,856050,556432.5,55,35,8,2023,443.0,428.0,432.0,439.0,0.0
2023-09-01,2023,9,PRD_006,TER_MW_01,423,73,350,824850,536152.5,39,43,9,2023,439.0,443.0,436.6666666666667,423.0,0.0
2023-10-01,2023,10,PRD_006,TER_MW_01,425,84,341,828750,538687.5,38,37,10,2023,423.0,439.0,435.0,425.0,0.0
2023-11-01,2023,11,PRD_006,TER_MW_01,384,63,321,748800,486720.0,40,46,11,2023,425.0,423.0,429.0,384.0,0.0
2023-12-01,2023,12,PRD_006,TER_MW_01,474,103,371,924300,600795.0,53,71,12,2023,384.0,425.0,410.6666666666667,474.0,0.0
2024-01-01,2024,1,PRD_006,TER_MW_01,466,68,398,908700,590655.0,61,50,1,2024,474.0,384.0,427.6666666666667,466.0,0.0
2024-02-01,2024,2,PRD_006,TER_MW_01,466,99,367,908700,590655.0,64,55,2,2024,466.0,474.0,441.3333333333333,466.0,0.0
2024-03-01,2024,3,PRD_006,TER_MW_01,522,75,447,1017900,661635.0,28,54,3,2024,466.0,466.0,468.6666666666667,522.0,0.0
2024-04-01,2024,4,PRD_006,TER_MW_01,525,76,449,1023750,665437.5,42,55,4,2024,522.0,466.0,484.6666666666667,525.0,0.0
2024-05-01,2024,5,PRD_006,TER_MW_01,503,80,423,980850,637552.5,54,47,5,2024,525.0,522.0,504.3333333333333,503.0,0.0
2024-06-01,2024,6,PRD_006,TER_MW_01,418,91,327,815100,529815.0,61,60,6,2024,503.0,525.0,516.6666666666666,418.0,0.0
2024-07-01,2024,7,PRD_006,TER_MW_01,440,79,361,858000,557700.0,65,55,7,2024,418.0,503.0,482.0,440.0,0.0
2024-08-01,2024,8,PRD_006,TER_MW_01,442,93,349,861900,560235.0,74,40,8,2024,440.0,418.0,453.6666666666667,442.0,0.0
2024-09-01,2024,9,PRD_006,TER_MW_01,449,95,354,875550,569107.5,36,75,9,2024,442.0,440.0,433.3333333333333,449.0,0.0
2024-10-01,2024,10,PRD_006,TER_MW_01,509,99,410,992550,645157.5,33,63,10,2024,449.0,442.0,443.6666666666667,509.0,0.0
2024-11-01,2024,11,PRD_006,TER_MW_01,491,85,406,957450,622342.5,69,42,11,2024,509.0,449.0,466.6666666666667,491.0,0.0
2024-12-01,2024,12,PRD_006,TER_MW_01,515,103,412,1004250,652762.5,28,45,12,2024,491.0,509.0,483.0,515.0,0.0
2025-01-01,2025,1,PRD_006,TER_MW_01,540,77,463,1053000,684450.0,53,34,1,2025,515.0,491.0,505.0,510.0,30.0
2025-02-01,2025,2,PRD_006,TER_MW_01,527,84,443,1027650,667972.5,74,61,2,2025,540.0,515.0,515.3333333333334,563.0,-36.0
2025-03-01,2025,3,PRD_006,TER_MW_01,521,75,446,1015950,660367.5,60,47,3,2025,527.0,540.0,527.3333333333334,542.0,-21.0
2025-04-01,2025,4,PRD_006,TER_MW_01,547,96,451,1066650,693322.5,61,74,4,2025,521.0,527.0,529.3333333333334,539.0,8.0
2025-05-01,2025,5,PRD_006,TER_MW_01,562,110,452,1095900,712335.0,39,61,5,2025,547.0,521.0,531.6666666666666,525.0,37.0
2025-06-01,2025,6,PRD_006,TER_MW_01,514,111,403,1002300,651495.0,34,70,6,2025,562.0,547.0,543.3333333333334,541.0,-27.0
2025-07-01,2025,7,PRD_006,TER_MW_01,560,117,443,1092000,709800.0,64,87,7,2025,514.0,562.0,541.0,505.0,55.0
2025-08-01,2025,8,PRD_006,TER_MW_01,521,89,432,1015950,660367.5,56,47,8,2025,560.0,514.0,545.3333333333334,515.0,6.0
2025-09-01,2025,9,PRD_006,TER_MW_01,521,100,421,1015950,660367.5,50,67,9,2025,521.0,560.0,531.6666666666666,517.0,4.0
2025-10-01,2025,10,PRD_006,TER_MW_01,483,74,409,941850,612202.5,42,51,10,2025,521.0,521.0,534.0,529.0,-46.0
2025-11-01,2025,11,PRD_006,TER_MW_01,536,108,428,1045200,679380.0,34,54,11,2025,483.0,521.0,508.3333333333333,513.0,23.0
2025-12-01,2025,12,PRD_006,TER_MW_01,501,91,410,976950,635017.5,70,58,12,2025,536.0,483.0,513.3333333333334,569.0,-68.0
2023-04-01,2023,4,PRD_006,TER_MW_02,469,70,399,914550,594457.5,31,31,4,2023,465.0,460.0,445.0,469.0,0.0
2023-05-01,2023,5,PRD_006,TER_MW_02,490,100,390,955500,621075.0,72,72,5,2023,469.0,465.0,464.6666666666667,490.0,0.0
2023-06-01,2023,6,PRD_006,TER_MW_02,459,82,377,895050,581782.5,67,48,6,2023,490.0,469.0,474.6666666666667,459.0,0.0
2023-07-01,2023,7,PRD_006,TER_MW_02,452,64,388,881400,572910.0,37,28,7,2023,459.0,490.0,472.6666666666667,452.0,0.0
2023-08-01,2023,8,PRD_006,TER_MW_02,428,81,347,834600,542490.0,54,50,8,2023,452.0,459.0,467.0,428.0,0.0
2023-09-01,2023,9,PRD_006,TER_MW_02,456,82,374,889200,577980.0,61,62,9,2023,428.0,452.0,446.3333333333333,456.0,0.0
2023-10-01,2023,10,PRD_006,TER_MW_02,411,57,354,801450,520942.5,55,30,10,2023,456.0,428.0,445.3333333333333,411.0,0.0
2023-11-01,2023,11,PRD_006,TER_MW_02,473,77,396,922350,599527.5,49,59,11,2023,411.0,456.0,431.6666666666667,473.0,0.0
2023-12-01,2023,12,PRD_006,TER_MW_02,473,91,382,922350,599527.5,28,59,12,2023,473.0,411.0,446.6666666666667,473.0,0.0
2024-01-01,2024,1,PRD_006,TER_MW_02,458,78,380,893100,580515.0,48,40,1,2024,473.0,473.0,452.3333333333333,458.0,0.0
2024-02-01,2024,2,PRD_006,TER_MW_02,475,77,398,926250,602062.5,39,36,2,2024,458.0,473.0,468.0,475.0,0.0
2024-03-01,2024,3,PRD_006,TER_MW_02,476,71,405,928200,603330.0,31,37,3,2024,475.0,458.0,468.6666666666667,476.0,0.0
2024-04-01,2024,4,PRD_006,TER_MW_02,480,69,411,936000,608400.0,61,41,4,2024,476.0,475.0,469.6666666666667,480.0,0.0
2024-05-01,2024,5,PRD_006,TER_MW_02,465,101,364,906750,589387.5,52,65,5,2024,480.0,476.0,477.0,465.0,0.0
2024-06-01,2024,6,PRD_006,TER_MW_02,473,77,396,922350,599527.5,32,50,6,2024,465.0,480.0,473.6666666666667,473.0,0.0
2024-07-01,2024,7,PRD_006,TER_MW_02,443,69,374,863850,561502.5,36,32,7,2024,473.0,465.0,472.6666666666667,443.0,0.0
2024-08-01,2024,8,PRD_006,TER_MW_02,475,99,376,926250,602062.5,65,46,8,2024,443.0,473.0,460.3333333333333,475.0,0.0
2024-09-01,2024,9,PRD_006,TER_MW_02,489,76,413,953550,619807.5,59,50,9,2024,475.0,443.0,463.6666666666667,489.0,0.0
2024-10-01,2024,10,PRD_006,TER_MW_02,439,83,356,856050,556432.5,30,58,10,2024,489.0,475.0,469.0,439.0,0.0
2024-11-01,2024,11,PRD_006,TER_MW_02,453,93,360,883350,574177.5,45,62,11,2024,439.0,489.0,467.6666666666667,453.0,0.0
2024-12-01,2024,12,PRD_006,TER_MW_02,518,102,416,1010100,656565.0,65,67,12,2024,453.0,439.0,460.3333333333333,518.0,0.0
2025-01-01,2025,1,PRD_006,TER_MW_02,502,102,400,978900,636285.0,47,44,1,2025,518.0,453.0,470.0,507.0,-5.0
2025-02-01,2025,2,PRD_006,TER_MW_02,548,81,467,1068600,694590.0,72,35,2,2025,502.0,518.0,491.0,528.0,20.0
2025-03-01,2025,3,PRD_006,TER_MW_02,556,97,459,1084200,704730.0,48,70,3,2025,548.0,502.0,522.6666666666666,548.0,8.0
2025-04-01,2025,4,PRD_006,TER_MW_02,494,92,402,963300,626145.0,36,60,4,2025,556.0,548.0,535.3333333333334,565.0,-71.0
2025-05-01,2025,5,PRD_006,TER_MW_02,557,86,471,1086150,705997.5,54,63,5,2025,494.0,556.0,532.6666666666666,536.0,21.0
2025-06-01,2025,6,PRD_006,TER_MW_02,543,105,438,1058850,688252.5,44,52,6,2025,557.0,494.0,535.6666666666666,540.0,3.0
2025-07-01,2025,7,PRD_006,TER_MW_02,486,70,416,947700,616005.0,50,43,7,2025,543.0,557.0,531.3333333333334,525.0,-39.0
2025-08-01,2025,8,PRD_006,TER_MW_02,498,93,405,971100,631215.0,46,45,8,2025,486.0,543.0,528.6666666666666,512.0,-14.0
2025-09-01,2025,9,PRD_006,TER_MW_02,448,62,386,873600,567840.0,38,33,9,2025,498.0,486.0,509.0,470.0,-22.0
2025-10-01,2025,10,PRD_006,TER_MW_02,506,107,399,986700,641355.0,45,75,10,2025,448.0,498.0,477.3333333333333,476.0,30.0
2025-11-01,2025,11,PRD_006,TER_MW_02,537,112,425,1047150,680647.5,45,45,11,2025,506.0,448.0,484.0,492.0,45.0
2025-12-01,2025,12,PRD_006,TER_MW_02,544,93,451,1060800,689520.0,40,50,12,2025,537.0,506.0,497.0,528.0,16.0
2023-04-01,2023,4,PRD_006,TER_NE_01,460,79,381,897000,583050.0,26,38,4,2023,462.0,471.0,465.0,460.0,0.0
2023-05-01,2023,5,PRD_006,TER_NE_01,449,94,355,875550,569107.5,46,65,5,2023,460.0,462.0,464.3333333333333,449.0,0.0
2023-06-01,2023,6,PRD_006,TER_NE_01,458,79,379,893100,580515.0,60,48,6,2023,449.0,460.0,457.0,458.0,0.0
2023-07-01,2023,7,PRD_006,TER_NE_01,420,78,342,819000,532350.0,62,34,7,2023,458.0,449.0,455.6666666666667,420.0,0.0
2023-08-01,2023,8,PRD_006,TER_NE_01,448,68,380,873600,567840.0,45,47,8,2023,420.0,458.0,442.3333333333333,448.0,0.0
2023-09-01,2023,9,PRD_006,TER_NE_01,457,94,363,891150,579247.5,69,62,9,2023,448.0,420.0,442.0,457.0,0.0
2023-10-01,2023,10,PRD_006,TER_NE_01,387,58,329,754650,490522.5,68,44,10,2023,457.0,448.0,441.6666666666667,387.0,0.0
2023-11-01,2023,11,PRD_006,TER_NE_01,480,100,380,936000,608400.0,38,78,11,2023,387.0,457.0,430.6666666666667,480.0,0.0
2023-12-01,2023,12,PRD_006,TER_NE_01,441,85,356,859950,558967.5,63,59,12,2023,480.0,387.0,441.3333333333333,441.0,0.0
2024-01-01,2024,1,PRD_006,TER_NE_01,451,65,386,879450,571642.5,61,35,1,2024,441.0,480.0,436.0,451.0,0.0
2024-02-01,2024,2,PRD_006,TER_NE_01,478,100,378,932100,605865.0,29,47,2,2024,451.0,441.0,457.3333333333333,478.0,0.0
2024-03-01,2024,3,PRD_006,TER_NE_01,547,113,434,1066650,693322.5,49,85,3,2024,478.0,451.0,456.6666666666667,547.0,0.0
2024-04-01,2024,4,PRD_006,TER_NE_01,514,75,439,1002300,651495.0,66,35,4,2024,547.0,478.0,492.0,514.0,0.0
2024-05-01,2024,5,PRD_006,TER_NE_01,483,100,383,941850,612202.5,72,65,5,2024,514.0,547.0,513.0,483.0,0.0
2024-06-01,2024,6,PRD_006,TER_NE_01,464,95,369,904800,588120.0,68,38,6,2024,483.0,514.0,514.6666666666666,464.0,0.0
2024-07-01,2024,7,PRD_006,TER_NE_01,495,96,399,965250,627412.5,53,60,7,2024,464.0,483.0,487.0,495.0,0.0
2024-08-01,2024,8,PRD_006,TER_NE_01,436,82,354,850200,552630.0,30,62,8,2024,495.0,464.0,480.6666666666667,436.0,0.0
2024-09-01,2024,9,PRD_006,TER_NE_01,480,91,389,936000,608400.0,27,45,9,2024,436.0,495.0,465.0,480.0,0.0
2024-10-01,2024,10,PRD_006,TER_NE_01,475,85,390,926250,602062.5,39,58,10,2024,480.0,436.0,470.3333333333333,475.0,0.0
2024-11-01,2024,11,PRD_006,TER_NE_01,486,90,396,947700,616005.0,29,57,11,2024,475.0,480.0,463.6666666666667,486.0,0.0
2024-12-01,2024,12,PRD_006,TER_NE_01,517,98,419,1008150,655297.5,60,58,12,2024,486.0,475.0,480.3333333333333,517.0,0.0
2025-01-01,2025,1,PRD_006,TER_NE_01,531,95,436,1035450,673042.5,39,53,1,2025,517.0,486.0,492.6666666666667,524.0,7.0
2025-02-01,2025,2,PRD_006,TER_NE_01,543,104,439,1058850,688252.5,30,64,2,2025,531.0,517.0,511.3333333333333,563.0,-20.0
2025-03-01,2025,3,PRD_006,TER_NE_01,574,93,481,1119300,727545.0,68,40,3,2025,543.0,531.0,530.3333333333334,564.0,10.0
2025-04-01,2025,4,PRD_006,TER_NE_01,535,100,435,1043250,678112.5,71,54,4,2025,574.0,543.0,549.3333333333334,580.0,-45.0
2025-05-01,2025,5,PRD_006,TER_NE_01,499,93,406,973050,632482.5,66,72,5,2025,535.0,574.0,550.6666666666666,574.0,-75.0
2025-06-01,2025,6,PRD_006,TER_NE_01,524,112,412,1021800,664170.0,68,56,6,2025,499.0,535.0,536.0,527.0,-3.0
2025-07-01,2025,7,PRD_006,TER_NE_01,475,77,398,926250,602062.5,43,55,7,2025,524.0,499.0,519.3333333333334,514.0,-39.0
2025-08-01,2025,8,PRD_006,TER_NE_01,511,83,428,996450,647692.5,50,57,8,2025,475.0,524.0,499.3333333333333,473.0,38.0
2025-09-01,2025,9,PRD_006,TER_NE_01,525,93,432,1023750,665437.5,38,55,9,2025,511.0,475.0,503.3333333333333,483.0,42.0
2025-10-01,2025,10,PRD_006,TER_NE_01,508,84,424,990600,643890.0,57,49,10,2025,525.0,511.0,503.6666666666667,498.0,10.0
2025-11-01,2025,11,PRD_006,TER_NE_01,521,92,429,1015950,660367.5,27,58,11,2025,508.0,525.0,514.6666666666666,524.0,-3.0
2025-12-01,2025,12,PRD_006,TER_NE_01,534,79,455,1041300,676845.0,48,60,12,2025,521.0,508.0,518.0,552.0,-18.0
2023-04-01,2023,4,PRD_006,TER_NE_02,425,81,344,828750,538687.5,35,56,4,2023,482.0,439.0,456.6666666666667,425.0,0.0
2023-05-01,2023,5,PRD_006,TER_NE_02,444,96,348,865800,562770.0,62,66,5,2023,425.0,482.0,448.6666666666667,444.0,0.0
2023-06-01,2023,6,PRD_006,TER_NE_02,417,63,354,813150,528547.5,39,26,6,2023,444.0,425.0,450.3333333333333,417.0,0.0
2023-07-01,2023,7,PRD_006,TER_NE_02,444,97,347,865800,562770.0,67,75,7,2023,417.0,444.0,428.6666666666667,444.0,0.0
2023-08-01,2023,8,PRD_006,TER_NE_02,415,59,356,809250,526012.5,41,35,8,2023,444.0,417.0,435.0,415.0,0.0
2023-09-01,2023,9,PRD_006,TER_NE_02,412,57,355,803400,522210.0,70,25,9,2023,415.0,444.0,425.3333333333333,412.0,0.0
2023-10-01,2023,10,PRD_006,TER_NE_02,445,78,367,867750,564037.5,68,51,10,2023,412.0,415.0,423.6666666666667,445.0,0.0
2023-11-01,2023,11,PRD_006,TER_NE_02,485,69,416,945750,614737.5,39,49,11,2023,445.0,412.0,424.0,485.0,0.0
2023-12-01,2023,12,PRD_006,TER_NE_02,457,93,364,891150,579247.5,44,47,12,2023,485.0,445.0,447.3333333333333,457.0,0.0
2024-01-01,2024,1,PRD_006,TER_NE_02,504,74,430,982800,638820.0,65,31,1,2024,457.0,485.0,462.3333333333333,504.0,0.0
2024-02-01,2024,2,PRD_006,TER_NE_02,526,103,423,1025700,666705.0,65,46,2,2024,504.0,457.0,482.0,526.0,0.0
2024-03-01,2024,3,PRD_006,TER_NE_02,502,76,426,978900,636285.0,38,51,3,2024,526.0,504.0,495.6666666666667,502.0,0.0
2024-04-01,2024,4,PRD_006,TER_NE_02,532,78,454,1037400,674310.0,27,49,4,2024,502.0,526.0,510.6666666666667,532.0,0.0
2024-05-01,2024,5,PRD_006,TER_NE_02,489,96,393,953550,619807.5,42,75,5,2024,532.0,502.0,520.0,489.0,0.0
2024-06-01,2024,6,PRD_006,TER_NE_02,490,97,393,955500,621075.0,29,48,6,2024,489.0,532.0,507.6666666666667,490.0,0.0
2024-07-01,2024,7,PRD_006,TER_NE_02,464,100,364,904800,588120.0,40,75,7,2024,490.0,489.0,503.6666666666667,464.0,0.0
2024-08-01,2024,8,PRD_006,TER_NE_02,478,77,401,932100,605865.0,39,38,8,2024,464.0,490.0,481.0,478.0,0.0
2024-09-01,2024,9,PRD_006,TER_NE_02,470,67,403,916500,595725.0,41,34,9,2024,478.0,464.0,477.3333333333333,470.0,0.0
2024-10-01,2024,10,PRD_006,TER_NE_02,497,81,416,969150,629947.5,44,56,10,2024,470.0,478.0,470.6666666666667,497.0,0.0
2024-11-01,2024,11,PRD_006,TER_NE_02,472,85,387,920400,598260.0,27,67,11,2024,497.0,470.0,481.6666666666667,472.0,0.0
2024-12-01,2024,12,PRD_006,TER_NE_02,481,93,388,937950,609667.5,56,39,12,2024,472.0,497.0,479.6666666666667,481.0,0.0
2025-01-01,2025,1,PRD_006,TER_NE_02,539,93,446,1051050,683182.5,57,45,1,2025,481.0,472.0,483.3333333333333,489.0,50.0
2025-02-01,2025,2,PRD_006,TER_NE_02,515,101,414,1004250,652762.5,30,52,2,2025,539.0,481.0,497.3333333333333,528.0,-13.0
2025-03-01,2025,3,PRD_006,TER_NE_02,569,107,462,1109550,721207.5,30,84,3,2025,515.0,539.0,511.6666666666667,527.0,42.0
2025-04-01,2025,4,PRD_006,TER_NE_02,578,98,480,1127100,732615.0,56,49,4,2025,569.0,515.0,541.0,570.0,8.0
2025-05-01,2025,5,PRD_006,TER_NE_02,518,110,408,1010100,656565.0,39,79,5,2025,578.0,569.0,554.0,563.0,-45.0
2025-06-01,2025,6,PRD_006,TER_NE_02,521,89,432,1015950,660367.5,54,59,6,2025,518.0,578.0,555.0,554.0,-33.0
2025-07-01,2025,7,PRD_006,TER_NE_02,499,102,397,973050,632482.5,56,65,7,2025,521.0,518.0,539.0,533.0,-34.0
2025-08-01,2025,8,PRD_006,TER_NE_02,519,80,439,1012050,657832.5,45,40,8,2025,499.0,521.0,512.6666666666666,490.0,29.0
2025-09-01,2025,9,PRD_006,TER_NE_02,504,84,420,982800,638820.0,30,47,9,2025,519.0,499.0,513.0,518.0,-14.0
2025-10-01,2025,10,PRD_006,TER_NE_02,463,85,378,902850,586852.5,54,57,10,2025,504.0,519.0,507.3333333333333,501.0,-38.0
2025-11-01,2025,11,PRD_006,TER_NE_02,545,103,442,1062750,690787.5,26,62,11,2025,463.0,504.0,495.3333333333333,503.0,42.0
2025-12-01,2025,12,PRD_006,TER_NE_02,540,117,423,1053000,684450.0,41,86,12,2025,545.0,463.0,504.0,550.0,-10.0
2023-04-01,2023,4,PRD_006,TER_SO_01,573,101,472,1117350,726277.5,25,76,4,2023,518.0,506.0,529.6666666666666,573.0,0.0
2023-05-01,2023,5,PRD_006,TER_SO_01,549,116,433,1070550,695857.5,60,92,5,2023,573.0,518.0,532.3333333333334,549.0,0.0
2023-06-01,2023,6,PRD_006,TER_SO_01,536,103,433,1045200,679380.0,25,79,6,2023,549.0,573.0,546.6666666666666,536.0,0.0
2023-07-01,2023,7,PRD_006,TER_SO_01,536,108,428,1045200,679380.0,35,43,7,2023,536.0,549.0,552.6666666666666,536.0,0.0
2023-08-01,2023,8,PRD_006,TER_SO_01,561,85,476,1093950,711067.5,59,59,8,2023,536.0,536.0,540.3333333333334,561.0,0.0
2023-09-01,2023,9,PRD_006,TER_SO_01,537,99,438,1047150,680647.5,66,39,9,2023,561.0,536.0,544.3333333333334,537.0,0.0
2023-10-01,2023,10,PRD_006,TER_SO_01,506,74,432,986700,641355.0,56,54,10,2023,537.0,561.0,544.6666666666666,506.0,0.0
2023-11-01,2023,11,PRD_006,TER_SO_01,575,88,487,1121250,728812.5,47,70,11,2023,506.0,537.0,534.6666666666666,575.0,0.0
2023-12-01,2023,12,PRD_006,TER_SO_01,535,111,424,1043250,678112.5,25,65,12,2023,575.0,506.0,539.3333333333334,535.0,0.0
2024-01-01,2024,1,PRD_006,TER_SO_01,606,127,479,1181700,768105.0,48,54,1,2024,535.0,575.0,538.6666666666666,606.0,0.0
2024-02-01,2024,2,PRD_006,TER_SO_01,609,96,513,1187550,771907.5,50,74,2,2024,606.0,535.0,572.0,609.0,0.0
2024-03-01,2024,3,PRD_006,TER_SO_01,560,87,473,1092000,709800.0,62,61,3,2024,609.0,606.0,583.3333333333334,560.0,0.0
2024-04-01,2024,4,PRD_006,TER_SO_01,619,87,532,1207050,784582.5,25,35,4,2024,560.0,609.0,591.6666666666666,619.0,0.0
2024-05-01,2024,5,PRD_006,TER_SO_01,578,126,452,1127100,732615.0,59,77,5,2024,619.0,560.0,596.0,578.0,0.0
2024-06-01,2024,6,PRD_006,TER_SO_01,692,127,565,1349400,877110.0,60,79,6,2024,578.0,619.0,585.6666666666666,692.0,0.0
2024-07-01,2024,7,PRD_006,TER_SO_01,575,121,454,1121250,728812.5,56,92,7,2024,692.0,578.0,629.6666666666666,575.0,0.0
2024-08-01,2024,8,PRD_006,TER_SO_01,563,90,473,1097850,713602.5,62,38,8,2024,575.0,692.0,615.0,563.0,0.0
2024-09-01,2024,9,PRD_006,TER_SO_01,615,119,496,1199250,779512.5,68,76,9,2024,563.0,575.0,610.0,615.0,0.0
2024-10-01,2024,10,PRD_006,TER_SO_01,599,123,476,1168050,759232.5,43,88,10,2024,615.0,563.0,584.3333333333334,599.0,0.0
2024-11-01,2024,11,PRD_006,TER_SO_01,590,91,499,1150500,747825.0,56,62,11,2024,599.0,615.0,592.3333333333334,590.0,0.0
2024-12-01,2024,12,PRD_006,TER_SO_01,629,127,502,1226550,797257.5,41,66,12,2024,590.0,599.0,601.3333333333334,629.0,0.0
2025-01-01,2025,1,PRD_006,TER_SO_01,667,132,535,1300650,845422.5,39,55,1,2025,629.0,590.0,606.0,634.0,33.0
2025-02-01,2025,2,PRD_006,TER_SO_01,667,139,528,1300650,845422.5,30,77,2,2025,667.0,629.0,628.6666666666666,644.0,23.0
2025-03-01,2025,3,PRD_006,TER_SO_01,627,130,497,1222650,794722.5,50,70,3,2025,667.0,667.0,654.3333333333334,642.0,-15.0
2025-04-01,2025,4,PRD_006,TER_SO_01,641,112,529,1249950,812467.5,28,68,4,2025,627.0,667.0,653.6666666666666,646.0,-5.0
2025-05-01,2025,5,PRD_006,TER_SO_01,666,93,573,1298700,844155.0,33,55,5,2025,641.0,627.0,645.0,615.0,51.0
2025-06-01,2025,6,PRD_006,TER_SO_01,713,138,575,1390350,903727.5,34,98,6,2025,666.0,641.0,644.6666666666666,617.0,96.0
2025-07-01,2025,7,PRD_006,TER_SO_01,654,94,560,1275300,828945.0,73,44,7,2025,713.0,666.0,673.3333333333334,615.0,39.0
2025-08-01,2025,8,PRD_006,TER_SO_01,639,104,535,1246050,809932.5,69,53,8,2025,654.0,713.0,677.6666666666666,613.0,26.0
2025-09-01,2025,9,PRD_006,TER_SO_01,601,118,483,1171950,761767.5,62,57,9,2025,639.0,654.0,668.6666666666666,617.0,-16.0
2025-10-01,2025,10,PRD_006,TER_SO_01,643,93,550,1253850,815002.5,37,42,10,2025,601.0,639.0,631.3333333333334,586.0,57.0
2025-11-01,2025,11,PRD_006,TER_SO_01,642,105,537,1251900,813735.0,68,79,11,2025,643.0,601.0,627.6666666666666,632.0,10.0
2025-12-01,2025,12,PRD_006,TER_SO_01,689,120,569,1343550,873307.5,51,82,12,2025,642.0,643.0,628.6666666666666,630.0,59.0
2023-04-01,2023,4,PRD_006,TER_SO_02,560,91,469,1092000,709800.0,59,60,4,2023,559.0,564.0,547.0,560.0,0.0
2023-05-01,2023,5,PRD_006,TER_SO_02,530,106,424,1033500,671775.0,45,65,5,2023,560.0,559.0,561.0,530.0,0.0
2023-06-01,2023,6,PRD_006,TER_SO_02,589,87,502,1148550,746557.5,53,37,6,2023,530.0,560.0,549.6666666666666,589.0,0.0
2023-07-01,2023,7,PRD_006,TER_SO_02,534,78,456,1041300,676845.0,59,31,7,2023,589.0,530.0,559.6666666666666,534.0,0.0
2023-08-01,2023,8,PRD_006,TER_SO_02,523,82,441,1019850,662902.5,56,34,8,2023,534.0,589.0,551.0,523.0,0.0
2023-09-01,2023,9,PRD_006,TER_SO_02,522,113,409,1017900,661635.0,28,59,9,2023,523.0,534.0,548.6666666666666,522.0,0.0
2023-10-01,2023,10,PRD_006,TER_SO_02,542,117,425,1056900,686985.0,59,88,10,2023,522.0,523.0,526.3333333333334,542.0,0.0
2023-11-01,2023,11,PRD_006,TER_SO_02,584,113,471,1138800,740220.0,67,47,11,2023,542.0,522.0,529.0,584.0,0.0
2023-12-01,2023,12,PRD_006,TER_SO_02,604,125,479,1177800,765570.0,68,59,12,2023,584.0,542.0,549.3333333333334,604.0,0.0
2024-01-01,2024,1,PRD_006,TER_SO_02,646,135,511,1259700,818805.0,66,62,1,2024,604.0,584.0,576.6666666666666,646.0,0.0
2024-02-01,2024,2,PRD_006,TER_SO_02,663,145,518,1292850,840352.5,45,85,2,2024,646.0,604.0,611.3333333333334,663.0,0.0
2024-03-01,2024,3,PRD_006,TER_SO_02,620,112,508,1209000,785850.0,26,64,3,2024,663.0,646.0,637.6666666666666,620.0,0.0
2024-04-01,2024,4,PRD_006,TER_SO_02,629,136,493,1226550,797257.5,65,63,4,2024,620.0,663.0,643.0,629.0,0.0
2024-05-01,2024,5,PRD_006,TER_SO_02,590,129,461,1150500,747825.0,70,95,5,2024,629.0,620.0,637.3333333333334,590.0,0.0
2024-06-01,2024,6,PRD_006,TER_SO_02,641,106,535,1249950,812467.5,39,67,6,2024,590.0,629.0,613.0,641.0,0.0
2024-07-01,2024,7,PRD_006,TER_SO_02,564,113,451,1099800,714870.0,56,57,7,2024,641.0,590.0,620.0,564.0,0.0
2024-08-01,2024,8,PRD_006,TER_SO_02,534,105,429,1041300,676845.0,25,66,8,2024,564.0,641.0,598.3333333333334,534.0,0.0
2024-09-01,2024,9,PRD_006,TER_SO_02,557,96,461,1086150,705997.5,68,71,9,2024,534.0,564.0,579.6666666666666,557.0,0.0
2024-10-01,2024,10,PRD_006,TER_SO_02,577,97,480,1125150,731347.5,48,57,10,2024,557.0,534.0,551.6666666666666,577.0,0.0
2024-11-01,2024,11,PRD_006,TER_SO_02,625,97,528,1218750,792187.5,29,46,11,2024,577.0,557.0,556.0,625.0,0.0
2024-12-01,2024,12,PRD_006,TER_SO_02,612,118,494,1193400,775710.0,43,77,12,2024,625.0,577.0,586.3333333333334,612.0,0.0
2025-01-01,2025,1,PRD_006,TER_SO_02,682,95,587,1329900,864435.0,56,67,1,2025,612.0,625.0,604.6666666666666,631.0,51.0
2025-02-01,2025,2,PRD_006,TER_SO_02,729,147,582,1421550,924007.5,43,66,2,2025,682.0,612.0,639.6666666666666,644.0,85.0
2025-03-01,2025,3,PRD_006,TER_SO_02,641,132,509,1249950,812467.5,30,52,3,2025,729.0,682.0,674.3333333333334,618.0,23.0
2025-04-01,2025,4,PRD_006,TER_SO_02,675,105,570,1316250,855562.5,40,82,4,2025,641.0,729.0,684.0,626.0,49.0
2025-05-01,2025,5,PRD_006,TER_SO_02,679,97,582,1324050,860632.5,57,41,5,2025,675.0,641.0,681.6666666666666,617.0,62.0
2025-06-01,2025,6,PRD_006,TER_SO_02,662,121,541,1290900,839085.0,50,71,6,2025,679.0,675.0,665.0,647.0,15.0
2025-07-01,2025,7,PRD_006,TER_SO_02,642,140,502,1251900,813735.0,63,77,7,2025,662.0,679.0,672.0,630.0,12.0
2025-08-01,2025,8,PRD_006,TER_SO_02,652,101,551,1271400,826410.0,27,77,8,2025,642.0,662.0,661.0,607.0,45.0
2025-09-01,2025,9,PRD_006,TER_SO_02,643,120,523,1253850,815002.5,37,71,9,2025,652.0,642.0,652.0,606.0,37.0
2025-10-01,2025,10,PRD_006,TER_SO_02,651,134,517,1269450,825142.5,62,88,10,2025,643.0,652.0,645.6666666666666,639.0,12.0
2025-11-01,2025,11,PRD_006,TER_SO_02,659,138,521,1285050,835282.5,33,99,11,2025,651.0,643.0,648.6666666666666,654.0,5.0
2025-12-01,2025,12,PRD_006,TER_SO_02,672,135,537,1310400,851760.0,67,84,12,2025,659.0,651.0,651.0,676.0,-4.0
2023-04-01,2023,4,PRD_006,TER_WE_01,584,107,477,1138800,740220.0,71,78,4,2023,570.0,580.0,574.6666666666666,584.0,0.0
2023-05-01,2023,5,PRD_006,TER_WE_01,552,95,457,1076400,699660.0,66,64,5,2023,584.0,570.0,578.0,552.0,0.0
2023-06-01,2023,6,PRD_006,TER_WE_01,565,118,447,1101750,716137.5,69,86,6,2023,552.0,584.0,568.6666666666666,565.0,0.0
2023-07-01,2023,7,PRD_006,TER_WE_01,510,76,434,994500,646425.0,67,30,7,2023,565.0,552.0,567.0,510.0,0.0
2023-08-01,2023,8,PRD_006,TER_WE_01,514,96,418,1002300,651495.0,32,73,8,2023,510.0,565.0,542.3333333333334,514.0,0.0
2023-09-01,2023,9,PRD_006,TER_WE_01,509,106,403,992550,645157.5,30,61,9,2023,514.0,510.0,529.6666666666666,509.0,0.0
2023-10-01,2023,10,PRD_006,TER_WE_01,573,97,476,1117350,726277.5,26,62,10,2023,509.0,514.0,511.0,573.0,0.0
2023-11-01,2023,11,PRD_006,TER_WE_01,580,89,491,1131000,735150.0,52,58,11,2023,573.0,509.0,532.0,580.0,0.0
2023-12-01,2023,12,PRD_006,TER_WE_01,590,112,478,1150500,747825.0,60,70,12,2023,580.0,573.0,554.0,590.0,0.0
2024-01-01,2024,1,PRD_006,TER_WE_01,589,99,490,1148550,746557.5,73,44,1,2024,590.0,580.0,581.0,589.0,0.0
2024-02-01,2024,2,PRD_006,TER_WE_01,602,94,508,1173900,763035.0,28,69,2,2024,589.0,590.0,586.3333333333334,602.0,0.0
2024-03-01,2024,3,PRD_006,TER_WE_01,632,100,532,1232400,801060.0,65,68,3,2024,602.0,589.0,593.6666666666666,632.0,0.0
2024-04-01,2024,4,PRD_006,TER_WE_01,596,94,502,1162200,755430.0,68,39,4,2024,632.0,602.0,607.6666666666666,596.0,0.0
2024-05-01,2024,5,PRD_006,TER_WE_01,601,94,507,1171950,761767.5,65,38,5,2024,596.0,632.0,610.0,601.0,0.0
2024-06-01,2024,6,PRD_006,TER_WE_01,591,128,463,1152450,749092.5,68,63,6,2024,601.0,596.0,609.6666666666666,591.0,0.0
2024-07-01,2024,7,PRD_006,TER_WE_01,614,91,523,1197300,778245.0,29,70,7,2024,591.0,601.0,596.0,614.0,0.0
2024-08-01,2024,8,PRD_006,TER_WE_01,520,103,417,1014000,659100.0,47,53,8,2024,614.0,591.0,602.0,520.0,0.0
2024-09-01,2024,9,PRD_006,TER_WE_01,584,122,462,1138800,740220.0,35,50,9,2024,520.0,614.0,575.0,584.0,0.0
2024-10-01,2024,10,PRD_006,TER_WE_01,585,92,493,1140750,741487.5,68,41,10,2024,584.0,520.0,572.6666666666666,585.0,0.0
2024-11-01,2024,11,PRD_006,TER_WE_01,574,105,469,1119300,727545.0,39,46,11,2024,585.0,584.0,563.0,574.0,0.0
2024-12-01,2024,12,PRD_006,TER_WE_01,649,108,541,1265550,822607.5,37,50,12,2024,574.0,585.0,581.0,649.0,0.0
2025-01-01,2025,1,PRD_006,TER_WE_01,605,115,490,1179750,766837.5,62,75,1,2025,649.0,574.0,602.6666666666666,632.0,-27.0
2025-02-01,2025,2,PRD_006,TER_WE_01,646,109,537,1259700,818805.0,63,44,2,2025,605.0,649.0,609.3333333333334,623.0,23.0
2025-03-01,2025,3,PRD_006,TER_WE_01,678,115,563,1322100,859365.0,25,61,3,2025,646.0,605.0,633.3333333333334,621.0,57.0
2025-04-01,2025,4,PRD_006,TER_WE_01,691,97,594,1347450,875842.5,32,76,4,2025,678.0,646.0,643.0,645.0,46.0
2025-05-01,2025,5,PRD_006,TER_WE_01,660,140,520,1287000,836550.0,28,98,5,2025,691.0,678.0,671.6666666666666,626.0,34.0
2025-06-01,2025,6,PRD_006,TER_WE_01,632,135,497,1232400,801060.0,34,64,6,2025,660.0,691.0,676.3333333333334,655.0,-23.0
2025-07-01,2025,7,PRD_006,TER_WE_01,668,142,526,1302600,846690.0,27,94,7,2025,632.0,660.0,661.0,636.0,32.0
2025-08-01,2025,8,PRD_006,TER_WE_01,664,135,529,1294800,841620.0,48,81,8,2025,668.0,632.0,653.3333333333334,593.0,71.0
2025-09-01,2025,9,PRD_006,TER_WE_01,667,132,535,1300650,845422.5,54,75,9,2025,664.0,668.0,654.6666666666666,626.0,41.0
2025-10-01,2025,10,PRD_006,TER_WE_01,589,87,502,1148550,746557.5,60,39,10,2025,667.0,664.0,666.3333333333334,631.0,-42.0
2025-11-01,2025,11,PRD_006,TER_WE_01,672,139,533,1310400,851760.0,65,77,11,2025,589.0,667.0,640.0,633.0,39.0
2025-12-01,2025,12,PRD_006,TER_WE_01,674,145,529,1314300,854295.0,52,74,12,2025,672.0,589.0,642.6666666666666,663.0,11.0
2023-04-01,2023,4,PRD_006,TER_WE_02,586,82,504,1142700,742755.0,61,62,4,2023,574.0,544.0,541.3333333333334,586.0,0.0
2023-05-01,2023,5,PRD_006,TER_WE_02,533,81,452,1039350,675577.5,33,41,5,2023,586.0,574.0,568.0,533.0,0.0
2023-06-01,2023,6,PRD_006,TER_WE_02,521,91,430,1015950,660367.5,28,46,6,2023,533.0,586.0,564.3333333333334,521.0,0.0
2023-07-01,2023,7,PRD_006,TER_WE_02,567,121,446,1105650,718672.5,29,90,7,2023,521.0,533.0,546.6666666666666,567.0,0.0
2023-08-01,2023,8,PRD_006,TER_WE_02,538,105,433,1049100,681915.0,67,75,8,2023,567.0,521.0,540.3333333333334,538.0,0.0
2023-09-01,2023,9,PRD_006,TER_WE_02,511,76,435,996450,647692.5,46,54,9,2023,538.0,567.0,542.0,511.0,0.0
2023-10-01,2023,10,PRD_006,TER_WE_02,543,92,451,1058850,688252.5,49,51,10,2023,511.0,538.0,538.6666666666666,543.0,0.0
2023-11-01,2023,11,PRD_006,TER_WE_02,520,89,431,1014000,659100.0,71,50,11,2023,543.0,511.0,530.6666666666666,520.0,0.0
2023-12-01,2023,12,PRD_006,TER_WE_02,603,99,504,1175850,764302.5,41,57,12,2023,520.0,543.0,524.6666666666666,603.0,0.0
2024-01-01,2024,1,PRD_006,TER_WE_02,614,86,528,1197300,778245.0,44,54,1,2024,603.0,520.0,555.3333333333334,614.0,0.0
2024-02-01,2024,2,PRD_006,TER_WE_02,604,123,481,1177800,765570.0,66,50,2,2024,614.0,603.0,579.0,604.0,0.0
2024-03-01,2024,3,PRD_006,TER_WE_02,624,117,507,1216800,790920.0,63,78,3,2024,604.0,614.0,607.0,624.0,0.0
2024-04-01,2024,4,PRD_006,TER_WE_02,640,114,526,1248000,811200.0,48,52,4,2024,624.0,604.0,614.0,640.0,0.0
2024-05-01,2024,5,PRD_006,TER_WE_02,617,129,488,1203150,782047.5,56,69,5,2024,640.0,624.0,622.6666666666666,617.0,0.0
2024-06-01,2024,6,PRD_006,TER_WE_02,593,83,510,1156350,751627.5,30,43,6,2024,617.0,640.0,627.0,593.0,0.0
2024-07-01,2024,7,PRD_006,TER_WE_02,535,107,428,1043250,678112.5,56,63,7,2024,593.0,617.0,616.6666666666666,535.0,0.0
2024-08-01,2024,8,PRD_006,TER_WE_02,555,80,475,1082250,703462.5,36,55,8,2024,535.0,593.0,581.6666666666666,555.0,0.0
2024-09-01,2024,9,PRD_006,TER_WE_02,568,97,471,1107600,719940.0,36,49,9,2024,555.0,535.0,561.0,568.0,0.0
2024-10-01,2024,10,PRD_006,TER_WE_02,542,89,453,1056900,686985.0,28,43,10,2024,568.0,555.0,552.6666666666666,542.0,0.0
2024-11-01,2024,11,PRD_006,TER_WE_02,615,101,514,1199250,779512.5,71,76,11,2024,542.0,568.0,555.0,615.0,0.0
2024-12-01,2024,12,PRD_006,TER_WE_02,638,105,533,1244100,808665.0,32,64,12,2024,615.0,542.0,575.0,638.0,0.0
2025-01-01,2025,1,PRD_006,TER_WE_02,564,111,453,1099800,714870.0,56,46,1,2025,638.0,615.0,598.3333333333334,623.0,-59.0
2025-02-01,2025,2,PRD_006,TER_WE_02,579,118,461,1129050,733882.5,59,93,2,2025,564.0,638.0,605.6666666666666,635.0,-56.0
2025-03-01,2025,3,PRD_006,TER_WE_02,621,136,485,1210950,787117.5,59,78,3,2025,579.0,564.0,593.6666666666666,593.0,28.0
2025-04-01,2025,4,PRD_006,TER_WE_02,675,95,580,1316250,855562.5,53,44,4,2025,621.0,579.0,588.0,604.0,71.0
2025-05-01,2025,5,PRD_006,TER_WE_02,683,128,555,1331850,865702.5,38,83,5,2025,675.0,621.0,625.0,615.0,68.0
2025-06-01,2025,6,PRD_006,TER_WE_02,689,149,540,1343550,873307.5,74,69,6,2025,683.0,675.0,659.6666666666666,642.0,47.0
2025-07-01,2025,7,PRD_006,TER_WE_02,638,106,532,1244100,808665.0,45,82,7,2025,689.0,683.0,682.3333333333334,626.0,12.0
2025-08-01,2025,8,PRD_006,TER_WE_02,638,105,533,1244100,808665.0,68,63,8,2025,638.0,689.0,670.0,581.0,57.0
2025-09-01,2025,9,PRD_006,TER_WE_02,610,113,497,1189500,773175.0,46,87,9,2025,638.0,638.0,655.0,600.0,10.0
2025-10-01,2025,10,PRD_006,TER_WE_02,623,111,512,1214850,789652.5,54,81,10,2025,610.0,638.0,628.6666666666666,608.0,15.0
2025-11-01,2025,11,PRD_006,TER_WE_02,650,113,537,1267500,823875.0,56,58,11,2025,623.0,610.0,623.6666666666666,616.0,34.0
2025-12-01,2025,12,PRD_006,TER_WE_02,708,138,570,1380600,897390.0,36,101,12,2025,650.0,623.0,627.6666666666666,626.0,82.0
2023-04-01,2023,4,PRD_007,TER_MW_01,489,148,341,1662600,1130568.0,50,99,4,2023,440.0,450.0,448.6666666666667,489.0,0.0
2023-05-01,2023,5,PRD_007,TER_MW_01,481,98,383,1635400,1112072.0,41,75,5,2023,489.0,440.0,459.6666666666667,481.0,0.0
2023-06-01,2023,6,PRD_007,TER_MW_01,470,147,323,1598000,1086640.0,60,95,6,2023,481.0,489.0,470.0,470.0,0.0
2023-07-01,2023,7,PRD_007,TER_MW_01,473,110,363,1608200,1093576.0,58,59,7,2023,470.0,481.0,480.0,473.0,0.0
2023-08-01,2023,8,PRD_007,TER_MW_01,442,83,359,1502800,1021904.0,61,58,8,2023,473.0,470.0,474.6666666666667,442.0,0.0
2023-09-01,2023,9,PRD_007,TER_MW_01,419,93,326,1424600,968728.0,47,52,9,2023,442.0,473.0,461.6666666666667,419.0,0.0
2023-10-01,2023,10,PRD_007,TER_MW_01,412,101,311,1400800,952544.0,25,56,10,2023,419.0,442.0,444.6666666666667,412.0,0.0
2023-11-01,2023,11,PRD_007,TER_MW_01,452,96,356,1536800,1045024.0,49,40,11,2023,412.0,419.0,424.3333333333333,452.0,0.0
2023-12-01,2023,12,PRD_007,TER_MW_01,476,126,350,1618400,1100512.0,38,66,12,2023,452.0,412.0,427.6666666666667,476.0,0.0
2024-01-01,2024,1,PRD_007,TER_MW_01,567,122,445,1927800,1310904.0,73,70,1,2024,476.0,452.0,446.6666666666667,567.0,0.0
2024-02-01,2024,2,PRD_007,TER_MW_01,505,157,348,1717000,1167560.0,28,102,2,2024,567.0,476.0,498.3333333333333,505.0,0.0
2024-03-01,2024,3,PRD_007,TER_MW_01,556,152,404,1890400,1285472.0,27,64,3,2024,505.0,567.0,516.0,556.0,0.0
2024-04-01,2024,4,PRD_007,TER_MW_01,571,163,408,1941400,1320152.0,28,94,4,2024,556.0,505.0,542.6666666666666,571.0,0.0
2024-05-01,2024,5,PRD_007,TER_MW_01,502,116,386,1706800,1160624.0,47,52,5,2024,571.0,556.0,544.0,502.0,0.0
2024-06-01,2024,6,PRD_007,TER_MW_01,522,99,423,1774800,1206864.0,31,55,6,2024,502.0,571.0,543.0,522.0,0.0
2024-07-01,2024,7,PRD_007,TER_MW_01,478,87,391,1625200,1105136.0,44,35,7,2024,522.0,502.0,531.6666666666666,478.0,0.0
2024-08-01,2024,8,PRD_007,TER_MW_01,526,133,393,1788400,1216112.0,70,99,8,2024,478.0,522.0,500.6666666666667,526.0,0.0
2024-09-01,2024,9,PRD_007,TER_MW_01,521,121,400,1771400,1204552.0,46,63,9,2024,526.0,478.0,508.6666666666667,521.0,0.0
2024-10-01,2024,10,PRD_007,TER_MW_01,494,145,349,1679600,1142128.0,28,65,10,2024,521.0,526.0,508.3333333333333,494.0,0.0
2024-11-01,2024,11,PRD_007,TER_MW_01,527,104,423,1791800,1218424.0,50,44,11,2024,494.0,521.0,513.6666666666666,527.0,0.0
2024-12-01,2024,12,PRD_007,TER_MW_01,637,157,480,2165800,1472744.0,53,94,12,2024,527.0,494.0,514.0,637.0,0.0
2025-01-01,2025,1,PRD_007,TER_MW_01,567,179,388,1927800,1310904.0,39,90,1,2025,637.0,527.0,552.6666666666666,593.0,-26.0
2025-02-01,2025,2,PRD_007,TER_MW_01,603,113,490,2050200,1394136.0,71,45,2,2025,567.0,637.0,577.0,588.0,15.0
2025-03-01,2025,3,PRD_007,TER_MW_01,669,145,524,2274600,1546728.0,29,58,3,2025,603.0,567.0,602.3333333333334,625.0,44.0
2025-04-01,2025,4,PRD_007,TER_MW_01,600,167,433,2040000,1387200.0,52,93,4,2025,669.0,603.0,613.0,626.0,-26.0
2025-05-01,2025,5,PRD_007,TER_MW_01,619,155,464,2104600,1431128.0,56,99,5,2025,600.0,669.0,624.0,595.0,24.0
2025-06-01,2025,6,PRD_007,TER_MW_01,643,173,470,2186200,1486616.0,68,77,6,2025,619.0,600.0,629.3333333333334,600.0,43.0
2025-07-01,2025,7,PRD_007,TER_MW_01,562,145,417,1910800,1299344.0,41,76,7,2025,643.0,619.0,620.6666666666666,594.0,-32.0
2025-08-01,2025,8,PRD_007,TER_MW_01,588,163,425,1999200,1359456.0,48,101,8,2025,562.0,643.0,608.0,577.0,11.0
2025-09-01,2025,9,PRD_007,TER_MW_01,607,171,436,2063800,1403384.0,40,134,9,2025,588.0,562.0,597.6666666666666,620.0,-13.0
2025-10-01,2025,10,PRD_007,TER_MW_01,599,122,477,2036600,1384888.0,62,72,10,2025,607.0,588.0,585.6666666666666,582.0,17.0
2025-11-01,2025,11,PRD_007,TER_MW_01,627,196,431,2131800,1449624.0,25,101,11,2025,599.0,607.0,598.0,616.0,11.0
2025-12-01,2025,12,PRD_007,TER_MW_01,678,170,508,2305200,1567536.0,72,108,12,2025,627.0,599.0,611.0,632.0,46.0
2023-04-01,2023,4,PRD_007,TER_MW_02,446,99,347,1516400,1031152.0,52,50,4,2023,444.0,433.0,445.0,446.0,0.0
2023-05-01,2023,5,PRD_007,TER_MW_02,487,144,343,1655800,1125944.0,64,67,5,2023,446.0,444.0,441.0,487.0,0.0
2023-06-01,2023,6,PRD_007,TER_MW_02,451,104,347,1533400,1042712.0,63,51,6,2023,487.0,446.0,459.0,451.0,0.0
2023-07-01,2023,7,PRD_007,TER_MW_02,454,115,339,1543600,1049648.0,29,91,7,2023,451.0,487.0,461.3333333333333,454.0,0.0
2023-08-01,2023,8,PRD_007,TER_MW_02,460,110,350,1564000,1063520.0,32,78,8,2023,454.0,451.0,464.0,460.0,0.0
2023-09-01,2023,9,PRD_007,TER_MW_02,460,93,367,1564000,1063520.0,69,58,9,2023,460.0,454.0,455.0,460.0,0.0
2023-10-01,2023,10,PRD_007,TER_MW_02,448,122,326,1523200,1035776.0,30,77,10,2023,460.0,460.0,458.0,448.0,0.0
2023-11-01,2023,11,PRD_007,TER_MW_02,436,116,320,1482400,1008032.0,42,77,11,2023,448.0,460.0,456.0,436.0,0.0
2023-12-01,2023,12,PRD_007,TER_MW_02,485,92,393,1649000,1121320.0,51,61,12,2023,436.0,448.0,448.0,485.0,0.0
2024-01-01,2024,1,PRD_007,TER_MW_02,513,127,386,1744200,1186056.0,26,97,1,2024,485.0,436.0,456.3333333333333,513.0,0.0
2024-02-01,2024,2,PRD_007,TER_MW_02,572,120,452,1944800,1322464.0,65,84,2,2024,513.0,485.0,478.0,572.0,0.0
2024-03-01,2024,3,PRD_007,TER_MW_02,540,133,407,1836000,1248480.0,41,86,3,2024,572.0,513.0,523.3333333333334,540.0,0.0
2024-04-01,2024,4,PRD_007,TER_MW_02,593,140,453,2016200,1371016.0,34,56,4,2024,540.0,572.0,541.6666666666666,593.0,0.0
2024-05-01,2024,5,PRD_007,TER_MW_02,568,111,457,1931200,1313216.0,51,86,5,2024,593.0,540.0,568.3333333333334,568.0,0.0
2024-06-01,2024,6,PRD_007,TER_MW_02,546,168,378,1856400,1262352.0,46,84,6,2024,568.0,593.0,567.0,546.0,0.0
2024-07-01,2024,7,PRD_007,TER_MW_02,529,139,390,1798600,1223048.0,74,111,7,2024,546.0,568.0,569.0,529.0,0.0
2024-08-01,2024,8,PRD_007,TER_MW_02,475,135,340,1615000,1098200.0,59,70,8,2024,529.0,546.0,547.6666666666666,475.0,0.0
2024-09-01,2024,9,PRD_007,TER_MW_02,503,132,371,1710200,1162936.0,38,88,9,2024,475.0,529.0,516.6666666666666,503.0,0.0
2024-10-01,2024,10,PRD_007,TER_MW_02,530,152,378,1802000,1225360.0,32,76,10,2024,503.0,475.0,502.3333333333333,530.0,0.0
2024-11-01,2024,11,PRD_007,TER_MW_02,522,103,419,1774800,1206864.0,51,80,11,2024,530.0,503.0,502.6666666666667,522.0,0.0
2024-12-01,2024,12,PRD_007,TER_MW_02,588,128,460,1999200,1359456.0,67,67,12,2024,522.0,530.0,518.3333333333334,588.0,0.0
2025-01-01,2025,1,PRD_007,TER_MW_02,629,123,506,2138600,1454248.0,37,77,1,2025,588.0,522.0,546.6666666666666,599.0,30.0
2025-02-01,2025,2,PRD_007,TER_MW_02,605,121,484,2057000,1398760.0,43,59,2,2025,629.0,588.0,579.6666666666666,620.0,-15.0
2025-03-01,2025,3,PRD_007,TER_MW_02,613,185,428,2084200,1417256.0,37,88,3,2025,605.0,629.0,607.3333333333334,627.0,-14.0
2025-04-01,2025,4,PRD_007,TER_MW_02,614,188,426,2087600,1419568.0,37,135,4,2025,613.0,605.0,615.6666666666666,670.0,-56.0
2025-05-01,2025,5,PRD_007,TER_MW_02,594,168,426,2019600,1373328.0,68,102,5,2025,614.0,613.0,610.6666666666666,630.0,-36.0
2025-06-01,2025,6,PRD_007,TER_MW_02,623,193,430,2118200,1440376.0,29,101,6,2025,594.0,614.0,607.0,607.0,16.0
2025-07-01,2025,7,PRD_007,TER_MW_02,627,113,514,2131800,1449624.0,54,55,7,2025,623.0,594.0,610.3333333333334,593.0,34.0
2025-08-01,2025,8,PRD_007,TER_MW_02,607,189,418,2063800,1403384.0,63,124,8,2025,627.0,623.0,614.6666666666666,616.0,-9.0
2025-09-01,2025,9,PRD_007,TER_MW_02,615,160,455,2091000,1421880.0,50,117,9,2025,607.0,627.0,619.0,601.0,14.0
2025-10-01,2025,10,PRD_007,TER_MW_02,637,158,479,2165800,1472744.0,52,89,10,2025,615.0,607.0,616.3333333333334,633.0,4.0
2025-11-01,2025,11,PRD_007,TER_MW_02,654,203,451,2223600,1512048.0,60,126,11,2025,637.0,615.0,619.6666666666666,679.0,-25.0
2025-12-01,2025,12,PRD_007,TER_MW_02,676,134,542,2298400,1562912.0,72,67,12,2025,654.0,637.0,635.3333333333334,665.0,11.0
2023-04-01,2023,4,PRD_007,TER_NE_01,480,150,330,1632000,1109760.0,59,89,4,2023,437.0,452.0,443.0,480.0,0.0
2023-05-01,2023,5,PRD_007,TER_NE_01,457,105,352,1553800,1056584.0,72,54,5,2023,480.0,437.0,456.3333333333333,457.0,0.0
2023-06-01,2023,6,PRD_007,TER_NE_01,432,108,324,1468800,998784.0,47,54,6,2023,457.0,480.0,458.0,432.0,0.0
2023-07-01,2023,7,PRD_007,TER_NE_01,486,154,332,1652400,1123632.0,43,88,7,2023,432.0,457.0,456.3333333333333,486.0,0.0
2023-08-01,2023,8,PRD_007,TER_NE_01,477,94,383,1621800,1102824.0,41,45,8,2023,486.0,432.0,458.3333333333333,477.0,0.0
2023-09-01,2023,9,PRD_007,TER_NE_01,449,122,327,1526600,1038088.0,57,69,9,2023,477.0,486.0,465.0,449.0,0.0
2023-10-01,2023,10,PRD_007,TER_NE_01,431,82,349,1465400,996472.0,63,65,10,2023,449.0,477.0,470.6666666666667,431.0,0.0
2023-11-01,2023,11,PRD_007,TER_NE_01,497,91,406,1689800,1149064.0,58,37,11,2023,431.0,449.0,452.3333333333333,497.0,0.0
2023-12-01,2023,12,PRD_007,TER_NE_01,504,140,364,1713600,1165248.0,59,102,12,2023,497.0,431.0,459.0,504.0,0.0
2024-01-01,2024,1,PRD_007,TER_NE_01,500,111,389,1700000,1156000.0,51,65,1,2024,504.0,497.0,477.3333333333333,500.0,0.0
2024-02-01,2024,2,PRD_007,TER_NE_01,569,172,397,1934600,1315528.0,52,103,2,2024,500.0,504.0,500.3333333333333,569.0,0.0
2024-03-01,2024,3,PRD_007,TER_NE_01,549,155,394,1866600,1269288.0,58,114,3,2024,569.0,500.0,524.3333333333334,549.0,0.0
2024-04-01,2024,4,PRD_007,TER_NE_01,547,168,379,1859800,1264664.0,40,117,4,2024,549.0,569.0,539.3333333333334,547.0,0.0
2024-05-01,2024,5,PRD_007,TER_NE_01,568,113,455,1931200,1313216.0,27,74,5,2024,547.0,549.0,555.0,568.0,0.0
2024-06-01,2024,6,PRD_007,TER_NE_01,559,161,398,1900600,1292408.0,71,64,6,2024,568.0,547.0,554.6666666666666,559.0,0.0
2024-07-01,2024,7,PRD_007,TER_NE_01,538,115,423,1829200,1243856.0,36,49,7,2024,559.0,568.0,558.0,538.0,0.0
2024-08-01,2024,8,PRD_007,TER_NE_01,545,116,429,1853000,1260040.0,48,84,8,2024,538.0,559.0,555.0,545.0,0.0
2024-09-01,2024,9,PRD_007,TER_NE_01,537,145,392,1825800,1241544.0,63,82,9,2024,545.0,538.0,547.3333333333334,537.0,0.0
2024-10-01,2024,10,PRD_007,TER_NE_01,533,124,409,1812200,1232296.0,73,62,10,2024,537.0,545.0,540.0,533.0,0.0
2024-11-01,2024,11,PRD_007,TER_NE_01,521,107,414,1771400,1204552.0,55,77,11,2024,533.0,537.0,538.3333333333334,521.0,0.0
2024-12-01,2024,12,PRD_007,TER_NE_01,646,184,462,2196400,1493552.0,53,95,12,2024,521.0,533.0,530.3333333333334,646.0,0.0
2025-01-01,2025,1,PRD_007,TER_NE_01,560,150,410,1904000,1294720.0,74,111,1,2025,646.0,521.0,566.6666666666666,631.0,-71.0
2025-02-01,2025,2,PRD_007,TER_NE_01,661,137,524,2247400,1528232.0,43,71,2,2025,560.0,646.0,575.6666666666666,633.0,28.0
2025-03-01,2025,3,PRD_007,TER_NE_01,637,182,455,2165800,1472744.0,27,100,3,2025,661.0,560.0,622.3333333333334,627.0,10.0
2025-04-01,2025,4,PRD_007,TER_NE_01,650,203,447,2210000,1502800.0,34,122,4,2025,637.0,661.0,619.3333333333334,657.0,-7.0
2025-05-01,2025,5,PRD_007,TER_NE_01,647,205,442,2199800,1495864.0,26,98,5,2025,650.0,637.0,649.3333333333334,637.0,10.0
2025-06-01,2025,6,PRD_007,TER_NE_01,574,144,430,1951600,1327088.0,61,81,6,2025,647.0,650.0,644.6666666666666,625.0,-51.0
2025-07-01,2025,7,PRD_007,TER_NE_01,573,103,470,1948200,1324776.0,51,63,7,2025,574.0,647.0,623.6666666666666,588.0,-15.0
2025-08-01,2025,8,PRD_007,TER_NE_01,580,172,408,1972000,1340960.0,53,109,8,2025,573.0,574.0,598.0,578.0,2.0
2025-09-01,2025,9,PRD_007,TER_NE_01,594,181,413,2019600,1373328.0,63,85,9,2025,580.0,573.0,575.6666666666666,578.0,16.0
2025-10-01,2025,10,PRD_007,TER_NE_01,587,130,457,1995800,1357144.0,37,76,10,2025,594.0,580.0,582.3333333333334,592.0,-5.0
2025-11-01,2025,11,PRD_007,TER_NE_01,623,146,477,2118200,1440376.0,73,115,11,2025,587.0,594.0,587.0,607.0,16.0
2025-12-01,2025,12,PRD_007,TER_NE_01,654,152,502,2223600,1512048.0,39,93,12,2025,623.0,587.0,601.3333333333334,643.0,11.0
2023-04-01,2023,4,PRD_007,TER_NE_02,487,115,372,1655800,1125944.0,41,87,4,2023,468.0,432.0,455.6666666666667,487.0,0.0
2023-05-01,2023,5,PRD_007,TER_NE_02,518,145,373,1761200,1197616.0,45,90,5,2023,487.0,468.0,462.3333333333333,518.0,0.0
2023-06-01,2023,6,PRD_007,TER_NE_02,438,124,314,1489200,1012656.0,48,88,6,2023,518.0,487.0,491.0,438.0,0.0
2023-07-01,2023,7,PRD_007,TER_NE_02,489,136,353,1662600,1130568.0,67,85,7,2023,438.0,518.0,481.0,489.0,0.0
2023-08-01,2023,8,PRD_007,TER_NE_02,432,111,321,1468800,998784.0,45,69,8,2023,489.0,438.0,481.6666666666667,432.0,0.0
2023-09-01,2023,9,PRD_007,TER_NE_02,440,97,343,1496000,1017280.0,33,45,9,2023,432.0,489.0,453.0,440.0,0.0
2023-10-01,2023,10,PRD_007,TER_NE_02,456,110,346,1550400,1054272.0,53,47,10,2023,440.0,432.0,453.6666666666667,456.0,0.0
2023-11-01,2023,11,PRD_007,TER_NE_02,518,163,355,1761200,1197616.0,30,112,11,2023,456.0,440.0,442.6666666666667,518.0,0.0
2023-12-01,2023,12,PRD_007,TER_NE_02,504,138,366,1713600,1165248.0,55,63,12,2023,518.0,456.0,471.3333333333333,504.0,0.0
2024-01-01,2024,1,PRD_007,TER_NE_02,519,109,410,1764600,1199928.0,43,47,1,2024,504.0,518.0,492.6666666666667,519.0,0.0
2024-02-01,2024,2,PRD_007,TER_NE_02,528,124,404,1795200,1220736.0,52,90,2,2024,519.0,504.0,513.6666666666666,528.0,0.0
2024-03-01,2024,3,PRD_007,TER_NE_02,527,97,430,1791800,1218424.0,74,54,3,2024,528.0,519.0,517.0,527.0,0.0
2024-04-01,2024,4,PRD_007,TER_NE_02,592,127,465,2012800,1368704.0,39,58,4,2024,527.0,528.0,524.6666666666666,592.0,0.0
2024-05-01,2024,5,PRD_007,TER_NE_02,557,158,399,1893800,1287784.0,72,66,5,2024,592.0,527.0,549.0,557.0,0.0
2024-06-01,2024,6,PRD_007,TER_NE_02,570,153,417,1938000,1317840.0,48,76,6,2024,557.0,592.0,558.6666666666666,570.0,0.0
2024-07-01,2024,7,PRD_007,TER_NE_02,503,134,369,1710200,1162936.0,44,83,7,2024,570.0,557.0,573.0,503.0,0.0
2024-08-01,2024,8,PRD_007,TER_NE_02,503,130,373,1710200,1162936.0,40,84,8,2024,503.0,570.0,543.3333333333334,503.0,0.0
2024-09-01,2024,9,PRD_007,TER_NE_02,530,104,426,1802000,1225360.0,43,60,9,2024,503.0,503.0,525.3333333333334,530.0,0.0
2024-10-01,2024,10,PRD_007,TER_NE_02,549,169,380,1866600,1269288.0,51,100,10,2024,530.0,503.0,512.0,549.0,0.0
2024-11-01,2024,11,PRD_007,TER_NE_02,567,168,399,1927800,1310904.0,27,81,11,2024,549.0,530.0,527.3333333333334,567.0,0.0
2024-12-01,2024,12,PRD_007,TER_NE_02,588,127,461,1999200,1359456.0,64,98,12,2024,567.0,549.0,548.6666666666666,588.0,0.0
2025-01-01,2025,1,PRD_007,TER_NE_02,561,161,400,1907400,1297032.0,57,70,1,2025,588.0,567.0,568.0,591.0,-30.0
2025-02-01,2025,2,PRD_007,TER_NE_02,651,175,476,2213400,1505112.0,30,138,2,2025,561.0,588.0,572.0,626.0,25.0
2025-03-01,2025,3,PRD_007,TER_NE_02,671,165,506,2281400,1551352.0,56,125,3,2025,651.0,561.0,600.0,641.0,30.0
2025-04-01,2025,4,PRD_007,TER_NE_02,608,155,453,2067200,1405696.0,27,65,4,2025,671.0,651.0,627.6666666666666,616.0,-8.0
2025-05-01,2025,5,PRD_007,TER_NE_02,685,125,560,2329000,1583720.0,30,60,5,2025,608.0,671.0,643.3333333333334,617.0,68.0
2025-06-01,2025,6,PRD_007,TER_NE_02,665,170,495,2261000,1537480.0,73,80,6,2025,685.0,608.0,654.6666666666666,636.0,29.0
2025-07-01,2025,7,PRD_007,TER_NE_02,639,126,513,2172600,1477368.0,47,51,7,2025,665.0,685.0,652.6666666666666,614.0,25.0
2025-08-01,2025,8,PRD_007,TER_NE_02,554,115,439,1883600,1280848.0,47,69,8,2025,639.0,665.0,663.0,607.0,-53.0
2025-09-01,2025,9,PRD_007,TER_NE_02,578,127,451,1965200,1336336.0,36,55,9,2025,554.0,639.0,619.3333333333334,594.0,-16.0
2025-10-01,2025,10,PRD_007,TER_NE_02,606,187,419,2060400,1401072.0,68,102,10,2025,578.0,554.0,590.3333333333334,579.0,27.0
2025-11-01,2025,11,PRD_007,TER_NE_02,632,127,505,2148800,1461184.0,47,79,11,2025,606.0,578.0,579.3333333333334,588.0,44.0
2025-12-01,2025,12,PRD_007,TER_NE_02,684,165,519,2325600,1581408.0,50,120,12,2025,632.0,606.0,605.3333333333334,675.0,9.0
2023-04-01,2023,4,PRD_007,TER_SO_01,572,171,401,1944800,1322464.0,66,121,4,2023,523.0,583.0,559.3333333333334,572.0,0.0
2023-05-01,2023,5,PRD_007,TER_SO_01,569,104,465,1934600,1315528.0,65,49,5,2023,572.0,523.0,559.3333333333334,569.0,0.0
2023-06-01,2023,6,PRD_007,TER_SO_01,590,112,478,2006000,1364080.0,69,67,6,2023,569.0,572.0,554.6666666666666,590.0,0.0
2023-07-01,2023,7,PRD_007,TER_SO_01,580,152,428,1972000,1340960.0,35,118,7,2023,590.0,569.0,577.0,580.0,0.0
2023-08-01,2023,8,PRD_007,TER_SO_01,537,98,439,1825800,1241544.0,26,65,8,2023,580.0,590.0,579.6666666666666,537.0,0.0
2023-09-01,2023,9,PRD_007,TER_SO_01,599,168,431,2036600,1384888.0,70,93,9,2023,537.0,580.0,569.0,599.0,0.0
2023-10-01,2023,10,PRD_007,TER_SO_01,544,154,390,1849600,1257728.0,29,97,10,2023,599.0,537.0,572.0,544.0,0.0
2023-11-01,2023,11,PRD_007,TER_SO_01,551,170,381,1873400,1273912.0,71,97,11,2023,544.0,599.0,560.0,551.0,0.0
2023-12-01,2023,12,PRD_007,TER_SO_01,576,123,453,1958400,1331712.0,71,91,12,2023,551.0,544.0,564.6666666666666,576.0,0.0
2024-01-01,2024,1,PRD_007,TER_SO_01,587,141,446,1995800,1357144.0,27,80,1,2024,576.0,551.0,557.0,587.0,0.0
2024-02-01,2024,2,PRD_007,TER_SO_01,689,130,559,2342600,1592968.0,43,64,2,2024,587.0,576.0,571.3333333333334,689.0,0.0
2024-03-01,2024,3,PRD_007,TER_SO_01,645,142,503,2193000,1491240.0,41,72,3,2024,689.0,587.0,617.3333333333334,645.0,0.0
2024-04-01,2024,4,PRD_007,TER_SO_01,627,189,438,2131800,1449624.0,57,83,4,2024,645.0,689.0,640.3333333333334,627.0,0.0
2024-05-01,2024,5,PRD_007,TER_SO_01,726,179,547,2468400,1678512.0,69,119,5,2024,627.0,645.0,653.6666666666666,726.0,0.0
2024-06-01,2024,6,PRD_007,TER_SO_01,600,174,426,2040000,1387200.0,32,104,6,2024,726.0,627.0,666.0,600.0,0.0
2024-07-01,2024,7,PRD_007,TER_SO_01,618,136,482,2101200,1428816.0,68,100,7,2024,600.0,726.0,651.0,618.0,0.0
2024-08-01,2024,8,PRD_007,TER_SO_01,599,153,446,2036600,1384888.0,34,109,8,2024,618.0,600.0,648.0,599.0,0.0
2024-09-01,2024,9,PRD_007,TER_SO_01,651,186,465,2213400,1505112.0,54,85,9,2024,599.0,618.0,605.6666666666666,651.0,0.0
2024-10-01,2024,10,PRD_007,TER_SO_01,687,207,480,2335800,1588344.0,62,92,10,2024,651.0,599.0,622.6666666666666,687.0,0.0
2024-11-01,2024,11,PRD_007,TER_SO_01,704,201,503,2393600,1627648.0,28,132,11,2024,687.0,651.0,645.6666666666666,704.0,0.0
2024-12-01,2024,12,PRD_007,TER_SO_01,744,141,603,2529600,1720128.0,55,70,12,2024,704.0,687.0,680.6666666666666,744.0,0.0
2025-01-01,2025,1,PRD_007,TER_SO_01,729,168,561,2478600,1685448.0,34,110,1,2025,744.0,704.0,711.6666666666666,666.0,63.0
2025-02-01,2025,2,PRD_007,TER_SO_01,712,161,551,2420800,1646144.0,34,65,2,2025,729.0,744.0,725.6666666666666,662.0,50.0
2025-03-01,2025,3,PRD_007,TER_SO_01,755,227,528,2567000,1745560.0,48,128,3,2025,712.0,729.0,728.3333333333334,670.0,85.0
2025-04-01,2025,4,PRD_007,TER_SO_01,799,181,618,2716600,1847288.0,52,102,4,2025,755.0,712.0,732.0,643.0,156.0
2025-05-01,2025,5,PRD_007,TER_SO_01,780,230,550,2652000,1803360.0,62,158,5,2025,799.0,755.0,755.3333333333334,662.0,118.0
2025-06-01,2025,6,PRD_007,TER_SO_01,774,151,623,2631600,1789488.0,38,106,6,2025,780.0,799.0,778.0,647.0,127.0
2025-07-01,2025,7,PRD_007,TER_SO_01,693,174,519,2356200,1602216.0,49,118,7,2025,774.0,780.0,784.3333333333334,670.0,23.0
2025-08-01,2025,8,PRD_007,TER_SO_01,745,160,585,2533000,1722440.0,27,66,8,2025,693.0,774.0,749.0,631.0,114.0
2025-09-01,2025,9,PRD_007,TER_SO_01,700,180,520,2380000,1618400.0,56,100,9,2025,745.0,693.0,737.3333333333334,650.0,50.0
2025-10-01,2025,10,PRD_007,TER_SO_01,724,221,503,2461600,1673888.0,59,137,10,2025,700.0,745.0,712.6666666666666,718.0,6.0
2025-11-01,2025,11,PRD_007,TER_SO_01,734,198,536,2495600,1697008.0,30,94,11,2025,724.0,700.0,723.0,710.0,24.0
2025-12-01,2025,12,PRD_007,TER_SO_01,802,196,606,2726800,1854224.0,33,95,12,2025,734.0,724.0,719.3333333333334,717.0,85.0
2023-04-01,2023,4,PRD_007,TER_SO_02,575,168,407,1955000,1329400.0,58,79,4,2023,603.0,561.0,578.6666666666666,575.0,0.0
2023-05-01,2023,5,PRD_007,TER_SO_02,608,138,470,2067200,1405696.0,30,91,5,2023,575.0,603.0,579.6666666666666,608.0,0.0
2023-06-01,2023,6,PRD_007,TER_SO_02,564,116,448,1917600,1303968.0,29,77,6,2023,608.0,575.0,595.3333333333334,564.0,0.0
2023-07-01,2023,7,PRD_007,TER_SO_02,587,174,413,1995800,1357144.0,51,116,7,2023,564.0,608.0,582.3333333333334,587.0,0.0
2023-08-01,2023,8,PRD_007,TER_SO_02,523,162,361,1778200,1209176.0,52,103,8,2023,587.0,564.0,586.3333333333334,523.0,0.0
2023-09-01,2023,9,PRD_007,TER_SO_02,552,107,445,1876800,1276224.0,65,45,9,2023,523.0,587.0,558.0,552.0,0.0
2023-10-01,2023,10,PRD_007,TER_SO_02,612,169,443,2080800,1414944.0,69,84,10,2023,552.0,523.0,554.0,612.0,0.0
2023-11-01,2023,11,PRD_007,TER_SO_02,671,179,492,2281400,1551352.0,35,132,11,2023,612.0,552.0,562.3333333333334,671.0,0.0
2023-12-01,2023,12,PRD_007,TER_SO_02,644,127,517,2189600,1488928.0,64,70,12,2023,671.0,612.0,611.6666666666666,644.0,0.0
2024-01-01,2024,1,PRD_007,TER_SO_02,661,197,464,2247400,1528232.0,59,156,1,2024,644.0,671.0,642.3333333333334,661.0,0.0
2024-02-01,2024,2,PRD_007,TER_SO_02,695,144,551,2363000,1606840.0,28,110,2,2024,661.0,644.0,658.6666666666666,695.0,0.0
2024-03-01,2024,3,PRD_007,TER_SO_02,686,196,490,2332400,1586032.0,56,133,3,2024,695.0,661.0,666.6666666666666,686.0,0.0
2024-04-01,2024,4,PRD_007,TER_SO_02,674,183,491,2291600,1558288.0,65,118,4,2024,686.0,695.0,680.6666666666666,674.0,0.0
2024-05-01,2024,5,PRD_007,TER_SO_02,662,183,479,2250800,1530544.0,27,133,5,2024,674.0,686.0,685.0,662.0,0.0
2024-06-01,2024,6,PRD_007,TER_SO_02,660,130,530,2244000,1525920.0,32,64,6,2024,662.0,674.0,674.0,660.0,0.0
2024-07-01,2024,7,PRD_007,TER_SO_02,718,229,489,2441200,1660016.0,73,94,7,2024,660.0,662.0,665.3333333333334,718.0,0.0
2024-08-01,2024,8,PRD_007,TER_SO_02,606,127,479,2060400,1401072.0,71,65,8,2024,718.0,660.0,680.0,606.0,0.0
2024-09-01,2024,9,PRD_007,TER_SO_02,629,175,454,2138600,1454248.0,71,71,9,2024,606.0,718.0,661.3333333333334,629.0,0.0
2024-10-01,2024,10,PRD_007,TER_SO_02,706,219,487,2400400,1632272.0,54,130,10,2024,629.0,606.0,651.0,706.0,0.0
2024-11-01,2024,11,PRD_007,TER_SO_02,700,137,563,2380000,1618400.0,45,103,11,2024,706.0,629.0,647.0,700.0,0.0
2024-12-01,2024,12,PRD_007,TER_SO_02,696,183,513,2366400,1609152.0,39,82,12,2024,700.0,706.0,678.3333333333334,696.0,0.0
2025-01-01,2025,1,PRD_007,TER_SO_02,661,138,523,2247400,1528232.0,41,76,1,2025,696.0,700.0,700.6666666666666,680.0,-19.0
2025-02-01,2025,2,PRD_007,TER_SO_02,772,153,619,2624800,1784864.0,74,81,2,2025,661.0,696.0,685.6666666666666,696.0,76.0
2025-03-01,2025,3,PRD_007,TER_SO_02,787,162,625,2675800,1819544.0,60,66,3,2025,772.0,661.0,709.6666666666666,633.0,154.0
2025-04-01,2025,4,PRD_007,TER_SO_02,738,199,539,2509200,1706256.0,61,127,4,2025,787.0,772.0,740.0,660.0,78.0
2025-05-01,2025,5,PRD_007,TER_SO_02,759,137,622,2580600,1754808.0,38,63,5,2025,738.0,787.0,765.6666666666666,627.0,132.0
2025-06-01,2025,6,PRD_007,TER_SO_02,702,162,540,2386800,1623024.0,59,117,6,2025,759.0,738.0,761.3333333333334,642.0,60.0
2025-07-01,2025,7,PRD_007,TER_SO_02,752,140,612,2556800,1738624.0,73,62,7,2025,702.0,759.0,733.0,650.0,102.0
2025-08-01,2025,8,PRD_007,TER_SO_02,784,174,610,2665600,1812608.0,38,73,8,2025,752.0,702.0,737.6666666666666,637.0,147.0
2025-09-01,2025,9,PRD_007,TER_SO_02,724,215,509,2461600,1673888.0,40,135,9,2025,784.0,752.0,746.0,693.0,31.0
2025-10-01,2025,10,PRD_007,TER_SO_02,723,192,531,2458200,1671576.0,36,108,10,2025,724.0,784.0,753.3333333333334,689.0,34.0
2025-11-01,2025,11,PRD_007,TER_SO_02,762,184,578,2590800,1761744.0,60,128,11,2025,723.0,724.0,743.6666666666666,729.0,33.0
2025-12-01,2025,12,PRD_007,TER_SO_02,779,162,617,2648600,1801048.0,44,79,12,2025,762.0,723.0,736.3333333333334,708.0,71.0
2023-04-01,2023,4,PRD_007,TER_WE_01,530,120,410,1802000,1225360.0,31,64,4,2023,590.0,594.0,584.0,530.0,0.0
2023-05-01,2023,5,PRD_007,TER_WE_01,602,145,457,2046800,1391824.0,25,76,5,2023,530.0,590.0,571.3333333333334,602.0,0.0
2023-06-01,2023,6,PRD_007,TER_WE_01,577,164,413,1961800,1334024.0,46,85,6,2023,602.0,530.0,574.0,577.0,0.0
2023-07-01,2023,7,PRD_007,TER_WE_01,578,117,461,1965200,1336336.0,29,49,7,2023,577.0,602.0,569.6666666666666,578.0,0.0
2023-08-01,2023,8,PRD_007,TER_WE_01,526,116,410,1788400,1216112.0,62,90,8,2023,578.0,577.0,585.6666666666666,526.0,0.0
2023-09-01,2023,9,PRD_007,TER_WE_01,547,104,443,1859800,1264664.0,35,42,9,2023,526.0,578.0,560.3333333333334,547.0,0.0
2023-10-01,2023,10,PRD_007,TER_WE_01,563,179,384,1914200,1301656.0,51,115,10,2023,547.0,526.0,550.3333333333334,563.0,0.0
2023-11-01,2023,11,PRD_007,TER_WE_01,628,197,431,2135200,1451936.0,69,96,11,2023,563.0,547.0,545.3333333333334,628.0,0.0
2023-12-01,2023,12,PRD_007,TER_WE_01,632,146,486,2148800,1461184.0,68,89,12,2023,628.0,563.0,579.3333333333334,632.0,0.0
2024-01-01,2024,1,PRD_007,TER_WE_01,660,150,510,2244000,1525920.0,60,108,1,2024,632.0,628.0,607.6666666666666,660.0,0.0
2024-02-01,2024,2,PRD_007,TER_WE_01,663,156,507,2254200,1532856.0,58,112,2,2024,660.0,632.0,640.0,663.0,0.0
2024-03-01,2024,3,PRD_007,TER_WE_01,661,155,506,2247400,1528232.0,28,116,3,2024,663.0,660.0,651.6666666666666,661.0,0.0
2024-04-01,2024,4,PRD_007,TER_WE_01,693,191,502,2356200,1602216.0,56,128,4,2024,661.0,663.0,661.3333333333334,693.0,0.0
2024-05-01,2024,5,PRD_007,TER_WE_01,657,192,465,2233800,1518984.0,54,88,5,2024,693.0,661.0,672.3333333333334,657.0,0.0
2024-06-01,2024,6,PRD_007,TER_WE_01,671,173,498,2281400,1551352.0,50,79,6,2024,657.0,693.0,670.3333333333334,671.0,0.0
2024-07-01,2024,7,PRD_007,TER_WE_01,737,139,598,2505800,1703944.0,27,68,7,2024,671.0,657.0,673.6666666666666,737.0,0.0
2024-08-01,2024,8,PRD_007,TER_WE_01,642,180,462,2182800,1484304.0,25,97,8,2024,737.0,671.0,688.3333333333334,642.0,0.0
2024-09-01,2024,9,PRD_007,TER_WE_01,643,155,488,2186200,1486616.0,27,91,9,2024,642.0,737.0,683.3333333333334,643.0,0.0
2024-10-01,2024,10,PRD_007,TER_WE_01,712,170,542,2420800,1646144.0,63,99,10,2024,643.0,642.0,674.0,712.0,0.0
2024-11-01,2024,11,PRD_007,TER_WE_01,752,187,565,2556800,1738624.0,53,149,11,2024,712.0,643.0,665.6666666666666,752.0,0.0
2024-12-01,2024,12,PRD_007,TER_WE_01,756,231,525,2570400,1747872.0,57,118,12,2024,752.0,712.0,702.3333333333334,756.0,0.0
2025-01-01,2025,1,PRD_007,TER_WE_01,756,213,543,2570400,1747872.0,43,108,1,2025,756.0,752.0,740.0,671.0,85.0
2025-02-01,2025,2,PRD_007,TER_WE_01,747,167,580,2539800,1727064.0,48,105,2,2025,756.0,756.0,754.6666666666666,662.0,85.0
2025-03-01,2025,3,PRD_007,TER_WE_01,738,160,578,2509200,1706256.0,69,105,3,2025,747.0,756.0,753.0,650.0,88.0
2025-04-01,2025,4,PRD_007,TER_WE_01,766,222,544,2604400,1770992.0,26,89,4,2025,738.0,747.0,747.0,651.0,115.0
2025-05-01,2025,5,PRD_007,TER_WE_01,723,147,576,2458200,1671576.0,62,94,5,2025,766.0,738.0,750.3333333333334,648.0,75.0
2025-06-01,2025,6,PRD_007,TER_WE_01,751,163,588,2553400,1736312.0,60,82,6,2025,723.0,766.0,742.3333333333334,648.0,103.0
2025-07-01,2025,7,PRD_007,TER_WE_01,717,189,528,2437800,1657704.0,40,86,7,2025,751.0,723.0,746.6666666666666,649.0,68.0
2025-08-01,2025,8,PRD_007,TER_WE_01,795,186,609,2703000,1838040.0,43,108,8,2025,717.0,751.0,730.3333333333334,646.0,149.0
2025-09-01,2025,9,PRD_007,TER_WE_01,734,145,589,2495600,1697008.0,32,93,9,2025,795.0,717.0,754.3333333333334,660.0,74.0
2025-10-01,2025,10,PRD_007,TER_WE_01,731,200,531,2485400,1690072.0,39,107,10,2025,734.0,795.0,748.6666666666666,696.0,35.0
2025-11-01,2025,11,PRD_007,TER_WE_01,751,171,580,2553400,1736312.0,67,126,11,2025,731.0,734.0,753.3333333333334,745.0,6.0
2025-12-01,2025,12,PRD_007,TER_WE_01,792,220,572,2692800,1831104.0,68,104,12,2025,751.0,731.0,738.6666666666666,721.0,71.0
2023-04-01,2023,4,PRD_007,TER_WE_02,564,130,434,1917600,1303968.0,40,81,4,2023,607.0,553.0,584.6666666666666,564.0,0.0
2023-05-01,2023,5,PRD_007,TER_WE_02,614,151,463,2087600,1419568.0,60,107,5,2023,564.0,607.0,574.6666666666666,614.0,0.0
2023-06-01,2023,6,PRD_007,TER_WE_02,576,140,436,1958400,1331712.0,47,66,6,2023,614.0,564.0,595.0,576.0,0.0
2023-07-01,2023,7,PRD_007,TER_WE_02,558,150,408,1897200,1290096.0,49,98,7,2023,576.0,614.0,584.6666666666666,558.0,0.0
2023-08-01,2023,8,PRD_007,TER_WE_02,572,173,399,1944800,1322464.0,28,93,8,2023,558.0,576.0,582.6666666666666,572.0,0.0
2023-09-01,2023,9,PRD_007,TER_WE_02,533,158,375,1812200,1232296.0,69,82,9,2023,572.0,558.0,568.6666666666666,533.0,0.0
2023-10-01,2023,10,PRD_007,TER_WE_02,610,125,485,2074000,1410320.0,46,65,10,2023,533.0,572.0,554.3333333333334,610.0,0.0
2023-11-01,2023,11,PRD_007,TER_WE_02,560,132,428,1904000,1294720.0,67,104,11,2023,610.0,533.0,571.6666666666666,560.0,0.0
2023-12-01,2023,12,PRD_007,TER_WE_02,620,126,494,2108000,1433440.0,42,72,12,2023,560.0,610.0,567.6666666666666,620.0,0.0
2024-01-01,2024,1,PRD_007,TER_WE_02,688,205,483,2339200,1590656.0,25,86,1,2024,620.0,560.0,596.6666666666666,688.0,0.0
2024-02-01,2024,2,PRD_007,TER_WE_02,655,157,498,2227000,1514360.0,42,109,2,2024,688.0,620.0,622.6666666666666,655.0,0.0
2024-03-01,2024,3,PRD_007,TER_WE_02,639,152,487,2172600,1477368.0,28,75,3,2024,655.0,688.0,654.3333333333334,639.0,0.0
2024-04-01,2024,4,PRD_007,TER_WE_02,633,140,493,2152200,1463496.0,59,73,4,2024,639.0,655.0,660.6666666666666,633.0,0.0
2024-05-01,2024,5,PRD_007,TER_WE_02,698,217,481,2373200,1613776.0,29,91,5,2024,633.0,639.0,642.3333333333334,698.0,0.0
2024-06-01,2024,6,PRD_007,TER_WE_02,608,177,431,2067200,1405696.0,64,84,6,2024,698.0,633.0,656.6666666666666,608.0,0.0
2024-07-01,2024,7,PRD_007,TER_WE_02,653,180,473,2220200,1509736.0,73,91,7,2024,608.0,698.0,646.3333333333334,653.0,0.0
2024-08-01,2024,8,PRD_007,TER_WE_02,588,172,416,1999200,1359456.0,26,89,8,2024,653.0,608.0,653.0,588.0,0.0
2024-09-01,2024,9,PRD_007,TER_WE_02,702,213,489,2386800,1623024.0,38,131,9,2024,588.0,653.0,616.3333333333334,702.0,0.0
2024-10-01,2024,10,PRD_007,TER_WE_02,649,132,517,2206600,1500488.0,72,56,10,2024,702.0,588.0,647.6666666666666,649.0,0.0
2024-11-01,2024,11,PRD_007,TER_WE_02,669,177,492,2274600,1546728.0,25,138,11,2024,649.0,702.0,646.3333333333334,669.0,0.0
2024-12-01,2024,12,PRD_007,TER_WE_02,709,226,483,2410600,1639208.0,61,93,12,2024,669.0,649.0,673.3333333333334,709.0,0.0
2025-01-01,2025,1,PRD_007,TER_WE_02,706,220,486,2400400,1632272.0,31,94,1,2025,709.0,669.0,675.6666666666666,702.0,4.0
2025-02-01,2025,2,PRD_007,TER_WE_02,719,198,521,2444600,1662328.0,40,84,2,2025,706.0,709.0,694.6666666666666,664.0,55.0
2025-03-01,2025,3,PRD_007,TER_WE_02,852,203,649,2896800,1969824.0,68,137,3,2025,719.0,706.0,711.3333333333334,695.0,157.0
2025-04-01,2025,4,PRD_007,TER_WE_02,785,198,587,2669000,1814920.0,41,108,4,2025,852.0,719.0,759.0,646.0,139.0
2025-05-01,2025,5,PRD_007,TER_WE_02,755,203,552,2567000,1745560.0,64,86,5,2025,785.0,852.0,785.3333333333334,637.0,118.0
2025-06-01,2025,6,PRD_007,TER_WE_02,771,231,540,2621400,1782552.0,52,163,6,2025,755.0,785.0,797.3333333333334,672.0,99.0
2025-07-01,2025,7,PRD_007,TER_WE_02,743,220,523,2526200,1717816.0,31,169,7,2025,771.0,755.0,770.3333333333334,669.0,74.0
2025-08-01,2025,8,PRD_007,TER_WE_02,670,186,484,2278000,1549040.0,37,122,8,2025,743.0,771.0,756.3333333333334,669.0,1.0
2025-09-01,2025,9,PRD_007,TER_WE_02,736,179,557,2502400,1701632.0,58,90,9,2025,670.0,743.0,728.0,651.0,85.0
2025-10-01,2025,10,PRD_007,TER_WE_02,752,187,565,2556800,1738624.0,46,109,10,2025,736.0,670.0,716.3333333333334,689.0,63.0
2025-11-01,2025,11,PRD_007,TER_WE_02,740,172,568,2516000,1710880.0,28,79,11,2025,752.0,736.0,719.3333333333334,704.0,36.0
2025-12-01,2025,12,PRD_007,TER_WE_02,872,191,681,2964800,2016064.0,49,77,12,2025,740.0,752.0,742.6666666666666,710.0,162.0
2023-04-01,2023,4,PRD_008,TER_MW_01,404,66,338,1414000,919100.0,27,45,4,2023,440.0,470.0,445.0,404.0,0.0
2023-05-01,2023,5,PRD_008,TER_MW_01,452,81,371,1582000,1028300.0,30,50,5,2023,404.0,440.0,438.0,452.0,0.0
2023-06-01,2023,6,PRD_008,TER_MW_01,412,60,352,1442000,937300.0,41,33,6,2023,452.0,404.0,432.0,412.0,0.0
2023-07-01,2023,7,PRD_008,TER_MW_01,450,69,381,1575000,1023750.0,44,46,7,2023,412.0,452.0,422.6666666666667,450.0,0.0
2023-08-01,2023,8,PRD_008,TER_MW_01,408,67,341,1428000,928200.0,52,33,8,2023,450.0,412.0,438.0,408.0,0.0
2023-09-01,2023,9,PRD_008,TER_MW_01,415,77,338,1452500,944125.0,30,54,9,2023,408.0,450.0,423.3333333333333,415.0,0.0
2023-10-01,2023,10,PRD_008,TER_MW_01,407,82,325,1424500,925925.0,43,60,10,2023,415.0,408.0,424.3333333333333,407.0,0.0
2023-11-01,2023,11,PRD_008,TER_MW_01,431,83,348,1508500,980525.0,47,52,11,2023,407.0,415.0,410.0,431.0,0.0
2023-12-01,2023,12,PRD_008,TER_MW_01,483,83,400,1690500,1098825.0,45,46,12,2023,431.0,407.0,417.6666666666667,483.0,0.0
2024-01-01,2024,1,PRD_008,TER_MW_01,484,75,409,1694000,1101100.0,31,44,1,2024,483.0,431.0,440.3333333333333,484.0,0.0
2024-02-01,2024,2,PRD_008,TER_MW_01,501,79,422,1753500,1139775.0,58,46,2,2024,484.0,483.0,466.0,501.0,0.0
2024-03-01,2024,3,PRD_008,TER_MW_01,533,87,446,1865500,1212575.0,59,56,3,2024,501.0,484.0,489.3333333333333,533.0,0.0
2024-04-01,2024,4,PRD_008,TER_MW_01,486,93,393,1701000,1105650.0,46,45,4,2024,533.0,501.0,506.0,486.0,0.0
2024-05-01,2024,5,PRD_008,TER_MW_01,512,72,440,1792000,1164800.0,26,47,5,2024,486.0,533.0,506.6666666666667,512.0,0.0
2024-06-01,2024,6,PRD_008,TER_MW_01,500,92,408,1750000,1137500.0,55,50,6,2024,512.0,486.0,510.3333333333333,500.0,0.0
2024-07-01,2024,7,PRD_008,TER_MW_01,493,94,399,1725500,1121575.0,65,64,7,2024,500.0,512.0,499.3333333333333,493.0,0.0
2024-08-01,2024,8,PRD_008,TER_MW_01,461,80,381,1613500,1048775.0,42,58,8,2024,493.0,500.0,501.6666666666667,461.0,0.0
2024-09-01,2024,9,PRD_008,TER_MW_01,493,87,406,1725500,1121575.0,66,55,9,2024,461.0,493.0,484.6666666666667,493.0,0.0
2024-10-01,2024,10,PRD_008,TER_MW_01,466,85,381,1631000,1060150.0,50,64,10,2024,493.0,461.0,482.3333333333333,466.0,0.0
2024-11-01,2024,11,PRD_008,TER_MW_01,494,80,414,1729000,1123850.0,29,33,11,2024,466.0,493.0,473.3333333333333,494.0,0.0
2024-12-01,2024,12,PRD_008,TER_MW_01,493,86,407,1725500,1121575.0,70,49,12,2024,494.0,466.0,484.3333333333333,493.0,0.0
2025-01-01,2025,1,PRD_008,TER_MW_01,531,85,446,1858500,1208025.0,63,49,1,2025,493.0,494.0,484.3333333333333,523.0,8.0
2025-02-01,2025,2,PRD_008,TER_MW_01,529,80,449,1851500,1203475.0,44,63,2,2025,531.0,493.0,506.0,541.0,-12.0
2025-03-01,2025,3,PRD_008,TER_MW_01,559,84,475,1956500,1271725.0,59,61,3,2025,529.0,531.0,517.6666666666666,508.0,51.0
2025-04-01,2025,4,PRD_008,TER_MW_01,511,97,414,1788500,1162525.0,68,50,4,2025,559.0,529.0,539.6666666666666,550.0,-39.0
2025-05-01,2025,5,PRD_008,TER_MW_01,510,105,405,1785000,1160250.0,37,52,5,2025,511.0,559.0,533.0,527.0,-17.0
2025-06-01,2025,6,PRD_008,TER_MW_01,508,78,430,1778000,1155700.0,58,45,6,2025,510.0,511.0,526.6666666666666,481.0,27.0
2025-07-01,2025,7,PRD_008,TER_MW_01,539,110,429,1886500,1226225.0,63,59,7,2025,508.0,510.0,509.6666666666667,507.0,32.0
2025-08-01,2025,8,PRD_008,TER_MW_01,491,104,387,1718500,1117025.0,37,81,8,2025,539.0,508.0,519.0,513.0,-22.0
2025-09-01,2025,9,PRD_008,TER_MW_01,467,87,380,1634500,1062425.0,58,69,9,2025,491.0,539.0,512.6666666666666,521.0,-54.0
2025-10-01,2025,10,PRD_008,TER_MW_01,452,82,370,1582000,1028300.0,41,45,10,2025,467.0,491.0,499.0,479.0,-27.0
2025-11-01,2025,11,PRD_008,TER_MW_01,528,113,415,1848000,1201200.0,56,60,11,2025,452.0,467.0,470.0,490.0,38.0
2025-12-01,2025,12,PRD_008,TER_MW_01,558,117,441,1953000,1269450.0,36,48,12,2025,528.0,452.0,482.3333333333333,536.0,22.0
2023-04-01,2023,4,PRD_008,TER_MW_02,434,93,341,1519000,987350.0,58,55,4,2023,457.0,487.0,461.0,434.0,0.0
2023-05-01,2023,5,PRD_008,TER_MW_02,429,93,336,1501500,975975.0,43,53,5,2023,434.0,457.0,459.3333333333333,429.0,0.0
2023-06-01,2023,6,PRD_008,TER_MW_02,441,87,354,1543500,1003275.0,38,39,6,2023,429.0,434.0,440.0,441.0,0.0
2023-07-01,2023,7,PRD_008,TER_MW_02,440,62,378,1540000,1001000.0,67,36,7,2023,441.0,429.0,434.6666666666667,440.0,0.0
2023-08-01,2023,8,PRD_008,TER_MW_02,414,69,345,1449000,941850.0,64,42,8,2023,440.0,441.0,436.6666666666667,414.0,0.0
2023-09-01,2023,9,PRD_008,TER_MW_02,421,69,352,1473500,957775.0,71,28,9,2023,414.0,440.0,431.6666666666667,421.0,0.0
2023-10-01,2023,10,PRD_008,TER_MW_02,409,89,320,1431500,930475.0,39,54,10,2023,421.0,414.0,425.0,409.0,0.0
2023-11-01,2023,11,PRD_008,TER_MW_02,489,70,419,1711500,1112475.0,52,46,11,2023,409.0,421.0,414.6666666666667,489.0,0.0
2023-12-01,2023,12,PRD_008,TER_MW_02,499,102,397,1746500,1135225.0,61,74,12,2023,489.0,409.0,439.6666666666667,499.0,0.0
2024-01-01,2024,1,PRD_008,TER_MW_02,516,73,443,1806000,1173900.0,44,35,1,2024,499.0,489.0,465.6666666666667,516.0,0.0
2024-02-01,2024,2,PRD_008,TER_MW_02,486,74,412,1701000,1105650.0,50,33,2,2024,516.0,499.0,501.3333333333333,486.0,0.0
2024-03-01,2024,3,PRD_008,TER_MW_02,472,103,369,1652000,1073800.0,37,58,3,2024,486.0,516.0,500.3333333333333,472.0,0.0
2024-04-01,2024,4,PRD_008,TER_MW_02,525,82,443,1837500,1194375.0,68,53,4,2024,472.0,486.0,491.3333333333333,525.0,0.0
2024-05-01,2024,5,PRD_008,TER_MW_02,465,95,370,1627500,1057875.0,29,74,5,2024,525.0,472.0,494.3333333333333,465.0,0.0
2024-06-01,2024,6,PRD_008,TER_MW_02,484,105,379,1694000,1101100.0,43,69,6,2024,465.0,525.0,487.3333333333333,484.0,0.0
2024-07-01,2024,7,PRD_008,TER_MW_02,481,102,379,1683500,1094275.0,61,66,7,2024,484.0,465.0,491.3333333333333,481.0,0.0
2024-08-01,2024,8,PRD_008,TER_MW_02,412,85,327,1442000,937300.0,33,39,8,2024,481.0,484.0,476.6666666666667,412.0,0.0
2024-09-01,2024,9,PRD_008,TER_MW_02,433,62,371,1515500,985075.0,68,35,9,2024,412.0,481.0,459.0,433.0,0.0
2024-10-01,2024,10,PRD_008,TER_MW_02,478,104,374,1673000,1087450.0,33,64,10,2024,433.0,412.0,442.0,478.0,0.0
2024-11-01,2024,11,PRD_008,TER_MW_02,503,105,398,1760500,1144325.0,49,66,11,2024,478.0,433.0,441.0,503.0,0.0
2024-12-01,2024,12,PRD_008,TER_MW_02,484,70,414,1694000,1101100.0,61,32,12,2024,503.0,478.0,471.3333333333333,484.0,0.0
2025-01-01,2025,1,PRD_008,TER_MW_02,557,104,453,1949500,1267175.0,29,42,1,2025,484.0,503.0,488.3333333333333,487.0,70.0
2025-02-01,2025,2,PRD_008,TER_MW_02,524,112,412,1834000,1192100.0,53,69,2,2025,557.0,484.0,514.6666666666666,550.0,-26.0
2025-03-01,2025,3,PRD_008,TER_MW_02,539,84,455,1886500,1226225.0,53,65,3,2025,524.0,557.0,521.6666666666666,541.0,-2.0
2025-04-01,2025,4,PRD_008,TER_MW_02,558,107,451,1953000,1269450.0,59,80,4,2025,539.0,524.0,540.0,564.0,-6.0
2025-05-01,2025,5,PRD_008,TER_MW_02,514,95,419,1799000,1169350.0,40,53,5,2025,558.0,539.0,540.3333333333334,544.0,-30.0
2025-06-01,2025,6,PRD_008,TER_MW_02,509,111,398,1781500,1157975.0,37,44,6,2025,514.0,558.0,537.0,514.0,-5.0
2025-07-01,2025,7,PRD_008,TER_MW_02,501,96,405,1753500,1139775.0,41,48,7,2025,509.0,514.0,527.0,523.0,-22.0
2025-08-01,2025,8,PRD_008,TER_MW_02,504,89,415,1764000,1146600.0,56,46,8,2025,501.0,509.0,508.0,478.0,26.0
2025-09-01,2025,9,PRD_008,TER_MW_02,515,106,409,1802500,1171625.0,55,55,9,2025,504.0,501.0,504.6666666666667,481.0,34.0
2025-10-01,2025,10,PRD_008,TER_MW_02,473,90,383,1655500,1076075.0,28,41,10,2025,515.0,504.0,506.6666666666667,479.0,-6.0
2025-11-01,2025,11,PRD_008,TER_MW_02,513,78,435,1795500,1167075.0,54,53,11,2025,473.0,515.0,497.3333333333333,506.0,7.0
2025-12-01,2025,12,PRD_008,TER_MW_02,525,104,421,1837500,1194375.0,70,57,12,2025,513.0,473.0,500.3333333333333,521.0,4.0
2023-04-01,2023,4,PRD_008,TER_NE_01,469,98,371,1641500,1066975.0,33,60,4,2023,467.0,406.0,443.6666666666667,469.0,0.0
2023-05-01,2023,5,PRD_008,TER_NE_01,433,61,372,1515500,985075.0,59,24,5,2023,469.0,467.0,447.3333333333333,433.0,0.0
2023-06-01,2023,6,PRD_008,TER_NE_01,417,62,355,1459500,948675.0,41,43,6,2023,433.0,469.0,456.3333333333333,417.0,0.0
2023-07-01,2023,7,PRD_008,TER_NE_01,414,79,335,1449000,941850.0,28,44,7,2023,417.0,433.0,439.6666666666667,414.0,0.0
2023-08-01,2023,8,PRD_008,TER_NE_01,418,73,345,1463000,950950.0,56,45,8,2023,414.0,417.0,421.3333333333333,418.0,0.0
2023-09-01,2023,9,PRD_008,TER_NE_01,404,65,339,1414000,919100.0,66,50,9,2023,418.0,414.0,416.3333333333333,404.0,0.0
2023-10-01,2023,10,PRD_008,TER_NE_01,461,73,388,1613500,1048775.0,32,32,10,2023,404.0,418.0,412.0,461.0,0.0
2023-11-01,2023,11,PRD_008,TER_NE_01,454,75,379,1589000,1032850.0,52,42,11,2023,461.0,404.0,427.6666666666667,454.0,0.0
2023-12-01,2023,12,PRD_008,TER_NE_01,460,83,377,1610000,1046500.0,62,35,12,2023,454.0,461.0,439.6666666666667,460.0,0.0
2024-01-01,2024,1,PRD_008,TER_NE_01,517,91,426,1809500,1176175.0,53,53,1,2024,460.0,454.0,458.3333333333333,517.0,0.0
2024-02-01,2024,2,PRD_008,TER_NE_01,541,87,454,1893500,1230775.0,38,48,2,2024,517.0,460.0,477.0,541.0,0.0
2024-03-01,2024,3,PRD_008,TER_NE_01,493,79,414,1725500,1121575.0,68,45,3,2024,541.0,517.0,506.0,493.0,0.0
2024-04-01,2024,4,PRD_008,TER_NE_01,493,100,393,1725500,1121575.0,46,58,4,2024,493.0,541.0,517.0,493.0,0.0
2024-05-01,2024,5,PRD_008,TER_NE_01,494,91,403,1729000,1123850.0,54,50,5,2024,493.0,493.0,509.0,494.0,0.0
2024-06-01,2024,6,PRD_008,TER_NE_01,460,87,373,1610000,1046500.0,74,68,6,2024,494.0,493.0,493.3333333333333,460.0,0.0
2024-07-01,2024,7,PRD_008,TER_NE_01,476,76,400,1666000,1082900.0,44,51,7,2024,460.0,494.0,482.3333333333333,476.0,0.0
2024-08-01,2024,8,PRD_008,TER_NE_01,450,93,357,1575000,1023750.0,25,71,8,2024,476.0,460.0,476.6666666666667,450.0,0.0
2024-09-01,2024,9,PRD_008,TER_NE_01,488,105,383,1708000,1110200.0,57,82,9,2024,450.0,476.0,462.0,488.0,0.0
2024-10-01,2024,10,PRD_008,TER_NE_01,477,70,407,1669500,1085175.0,29,48,10,2024,488.0,450.0,471.3333333333333,477.0,0.0
2024-11-01,2024,11,PRD_008,TER_NE_01,490,70,420,1715000,1114750.0,68,38,11,2024,477.0,488.0,471.6666666666667,490.0,0.0
2024-12-01,2024,12,PRD_008,TER_NE_01,545,110,435,1907500,1239875.0,43,68,12,2024,490.0,477.0,485.0,545.0,0.0
2025-01-01,2025,1,PRD_008,TER_NE_01,545,112,433,1907500,1239875.0,40,74,1,2025,545.0,490.0,504.0,556.0,-11.0
2025-02-01,2025,2,PRD_008,TER_NE_01,523,112,411,1830500,1189825.0,37,62,2,2025,545.0,545.0,526.6666666666666,585.0,-62.0
2025-03-01,2025,3,PRD_008,TER_NE_01,571,85,486,1998500,1299025.0,40,43,3,2025,523.0,545.0,537.6666666666666,551.0,20.0
2025-04-01,2025,4,PRD_008,TER_NE_01,510,85,425,1785000,1160250.0,46,44,4,2025,571.0,523.0,546.3333333333334,559.0,-49.0
2025-05-01,2025,5,PRD_008,TER_NE_01,505,101,404,1767500,1148875.0,60,56,5,2025,510.0,571.0,534.6666666666666,537.0,-32.0
2025-06-01,2025,6,PRD_008,TER_NE_01,556,102,454,1946000,1264900.0,39,73,6,2025,505.0,510.0,528.6666666666666,528.0,28.0
2025-07-01,2025,7,PRD_008,TER_NE_01,564,97,467,1974000,1283100.0,54,39,7,2025,556.0,505.0,523.6666666666666,526.0,38.0
2025-08-01,2025,8,PRD_008,TER_NE_01,456,68,388,1596000,1037400.0,68,29,8,2025,564.0,556.0,541.6666666666666,519.0,-63.0
2025-09-01,2025,9,PRD_008,TER_NE_01,495,105,390,1732500,1126125.0,72,53,9,2025,456.0,564.0,525.3333333333334,525.0,-30.0
2025-10-01,2025,10,PRD_008,TER_NE_01,441,92,349,1543500,1003275.0,39,64,10,2025,495.0,456.0,505.0,493.0,-52.0
2025-11-01,2025,11,PRD_008,TER_NE_01,527,93,434,1844500,1198925.0,58,61,11,2025,441.0,495.0,464.0,490.0,37.0
2025-12-01,2025,12,PRD_008,TER_NE_01,515,110,405,1802500,1171625.0,72,57,12,2025,527.0,441.0,487.6666666666667,512.0,3.0
2023-04-01,2023,4,PRD_008,TER_NE_02,501,103,398,1753500,1139775.0,47,73,4,2023,462.0,442.0,445.0,501.0,0.0
2023-05-01,2023,5,PRD_008,TER_NE_02,482,94,388,1687000,1096550.0,38,69,5,2023,501.0,462.0,468.3333333333333,482.0,0.0
2023-06-01,2023,6,PRD_008,TER_NE_02,456,95,361,1596000,1037400.0,61,65,6,2023,482.0,501.0,481.6666666666667,456.0,0.0
2023-07-01,2023,7,PRD_008,TER_NE_02,419,65,354,1466500,953225.0,46,37,7,2023,456.0,482.0,479.6666666666667,419.0,0.0
2023-08-01,2023,8,PRD_008,TER_NE_02,437,73,364,1529500,994175.0,70,52,8,2023,419.0,456.0,452.3333333333333,437.0,0.0
2023-09-01,2023,9,PRD_008,TER_NE_02,402,63,339,1407000,914550.0,40,39,9,2023,437.0,419.0,437.3333333333333,402.0,0.0
2023-10-01,2023,10,PRD_008,TER_NE_02,429,93,336,1501500,975975.0,72,47,10,2023,402.0,437.0,419.3333333333333,429.0,0.0
2023-11-01,2023,11,PRD_008,TER_NE_02,431,80,351,1508500,980525.0,43,48,11,2023,429.0,402.0,422.6666666666667,431.0,0.0
2023-12-01,2023,12,PRD_008,TER_NE_02,484,83,401,1694000,1101100.0,26,35,12,2023,431.0,429.0,420.6666666666667,484.0,0.0
2024-01-01,2024,1,PRD_008,TER_NE_02,455,86,369,1592500,1035125.0,44,40,1,2024,484.0,431.0,448.0,455.0,0.0
2024-02-01,2024,2,PRD_008,TER_NE_02,505,95,410,1767500,1148875.0,69,47,2,2024,455.0,484.0,456.6666666666667,505.0,0.0
2024-03-01,2024,3,PRD_008,TER_NE_02,487,71,416,1704500,1107925.0,70,52,3,2024,505.0,455.0,481.3333333333333,487.0,0.0
2024-04-01,2024,4,PRD_008,TER_NE_02,475,94,381,1662500,1080625.0,61,41,4,2024,487.0,505.0,482.3333333333333,475.0,0.0
2024-05-01,2024,5,PRD_008,TER_NE_02,462,101,361,1617000,1051050.0,55,60,5,2024,475.0,487.0,489.0,462.0,0.0
2024-06-01,2024,6,PRD_008,TER_NE_02,473,68,405,1655500,1076075.0,68,37,6,2024,462.0,475.0,474.6666666666667,473.0,0.0
2024-07-01,2024,7,PRD_008,TER_NE_02,472,98,374,1652000,1073800.0,51,41,7,2024,473.0,462.0,470.0,472.0,0.0
2024-08-01,2024,8,PRD_008,TER_NE_02,429,78,351,1501500,975975.0,60,38,8,2024,472.0,473.0,469.0,429.0,0.0
2024-09-01,2024,9,PRD_008,TER_NE_02,485,104,381,1697500,1103375.0,42,54,9,2024,429.0,472.0,458.0,485.0,0.0
2024-10-01,2024,10,PRD_008,TER_NE_02,479,102,377,1676500,1089725.0,51,63,10,2024,485.0,429.0,462.0,479.0,0.0
2024-11-01,2024,11,PRD_008,TER_NE_02,508,86,422,1778000,1155700.0,73,63,11,2024,479.0,485.0,464.3333333333333,508.0,0.0
2024-12-01,2024,12,PRD_008,TER_NE_02,514,103,411,1799000,1169350.0,43,41,12,2024,508.0,479.0,490.6666666666667,514.0,0.0
2025-01-01,2025,1,PRD_008,TER_NE_02,536,110,426,1876000,1219400.0,54,54,1,2025,514.0,508.0,500.3333333333333,523.0,13.0
2025-02-01,2025,2,PRD_008,TER_NE_02,499,100,399,1746500,1135225.0,41,45,2,2025,536.0,514.0,519.3333333333334,541.0,-42.0
2025-03-01,2025,3,PRD_008,TER_NE_02,546,115,431,1911000,1242150.0,73,77,3,2025,499.0,536.0,516.3333333333334,517.0,29.0
2025-04-01,2025,4,PRD_008,TER_NE_02,477,75,402,1669500,1085175.0,46,52,4,2025,546.0,499.0,527.0,563.0,-86.0
2025-05-01,2025,5,PRD_008,TER_NE_02,571,119,452,1998500,1299025.0,46,86,5,2025,477.0,546.0,507.3333333333333,497.0,74.0
2025-06-01,2025,6,PRD_008,TER_NE_02,563,104,459,1970500,1280825.0,72,43,6,2025,571.0,477.0,531.3333333333334,522.0,41.0
2025-07-01,2025,7,PRD_008,TER_NE_02,541,118,423,1893500,1230775.0,45,87,7,2025,563.0,571.0,537.0,546.0,-5.0
2025-08-01,2025,8,PRD_008,TER_NE_02,455,82,373,1592500,1035125.0,74,43,8,2025,541.0,563.0,558.3333333333334,532.0,-77.0
2025-09-01,2025,9,PRD_008,TER_NE_02,511,107,404,1788500,1162525.0,64,65,9,2025,455.0,541.0,519.6666666666666,500.0,11.0
2025-10-01,2025,10,PRD_008,TER_NE_02,485,84,401,1697500,1103375.0,64,48,10,2025,511.0,455.0,502.3333333333333,494.0,-9.0
2025-11-01,2025,11,PRD_008,TER_NE_02,503,99,404,1760500,1144325.0,63,56,11,2025,485.0,511.0,483.6666666666667,497.0,6.0
2025-12-01,2025,12,PRD_008,TER_NE_02,530,93,437,1855000,1205750.0,73,68,12,2025,503.0,485.0,499.6666666666667,519.0,11.0
2023-04-01,2023,4,PRD_008,TER_SO_01,564,81,483,1974000,1283100.0,50,64,4,2023,543.0,585.0,553.3333333333334,564.0,0.0
2023-05-01,2023,5,PRD_008,TER_SO_01,557,83,474,1949500,1267175.0,72,59,5,2023,564.0,543.0,564.0,557.0,0.0
2023-06-01,2023,6,PRD_008,TER_SO_01,580,86,494,2030000,1319500.0,66,55,6,2023,557.0,564.0,554.6666666666666,580.0,0.0
2023-07-01,2023,7,PRD_008,TER_SO_01,589,125,464,2061500,1339975.0,52,74,7,2023,580.0,557.0,567.0,589.0,0.0
2023-08-01,2023,8,PRD_008,TER_SO_01,492,75,417,1722000,1119300.0,71,34,8,2023,589.0,580.0,575.3333333333334,492.0,0.0
2023-09-01,2023,9,PRD_008,TER_SO_01,483,105,378,1690500,1098825.0,26,44,9,2023,492.0,589.0,553.6666666666666,483.0,0.0
2023-10-01,2023,10,PRD_008,TER_SO_01,555,114,441,1942500,1262625.0,62,69,10,2023,483.0,492.0,521.3333333333334,555.0,0.0
2023-11-01,2023,11,PRD_008,TER_SO_01,526,80,446,1841000,1196650.0,46,60,11,2023,555.0,483.0,510.0,526.0,0.0
2023-12-01,2023,12,PRD_008,TER_SO_01,546,96,450,1911000,1242150.0,26,74,12,2023,526.0,555.0,521.3333333333334,546.0,0.0
2024-01-01,2024,1,PRD_008,TER_SO_01,594,105,489,2079000,1351350.0,36,82,1,2024,546.0,526.0,542.3333333333334,594.0,0.0
2024-02-01,2024,2,PRD_008,TER_SO_01,669,94,575,2341500,1521975.0,62,67,2,2024,594.0,546.0,555.3333333333334,669.0,0.0
2024-03-01,2024,3,PRD_008,TER_SO_01,661,133,528,2313500,1503775.0,71,60,3,2024,669.0,594.0,603.0,661.0,0.0
2024-04-01,2024,4,PRD_008,TER_SO_01,653,121,532,2285500,1485575.0,33,68,4,2024,661.0,669.0,641.3333333333334,653.0,0.0
2024-05-01,2024,5,PRD_008,TER_SO_01,622,127,495,2177000,1415050.0,44,85,5,2024,653.0,661.0,661.0,622.0,0.0
2024-06-01,2024,6,PRD_008,TER_SO_01,627,132,495,2194500,1426425.0,31,57,6,2024,622.0,653.0,645.3333333333334,627.0,0.0
2024-07-01,2024,7,PRD_008,TER_SO_01,634,125,509,2219000,1442350.0,27,74,7,2024,627.0,622.0,634.0,634.0,0.0
2024-08-01,2024,8,PRD_008,TER_SO_01,548,97,451,1918000,1246700.0,40,68,8,2024,634.0,627.0,627.6666666666666,548.0,0.0
2024-09-01,2024,9,PRD_008,TER_SO_01,596,120,476,2086000,1355900.0,43,57,9,2024,548.0,634.0,603.0,596.0,0.0
2024-10-01,2024,10,PRD_008,TER_SO_01,529,97,432,1851500,1203475.0,57,55,10,2024,596.0,548.0,592.6666666666666,529.0,0.0
2024-11-01,2024,11,PRD_008,TER_SO_01,626,94,532,2191000,1424150.0,65,70,11,2024,529.0,596.0,557.6666666666666,626.0,0.0
2024-12-01,2024,12,PRD_008,TER_SO_01,600,114,486,2100000,1365000.0,74,64,12,2024,626.0,529.0,583.6666666666666,600.0,0.0
2025-01-01,2025,1,PRD_008,TER_SO_01,677,145,532,2369500,1540175.0,61,114,1,2025,600.0,626.0,585.0,630.0,47.0
2025-02-01,2025,2,PRD_008,TER_SO_01,671,124,547,2348500,1526525.0,71,64,2,2025,677.0,600.0,634.3333333333334,633.0,38.0
2025-03-01,2025,3,PRD_008,TER_SO_01,667,136,531,2334500,1517425.0,54,59,3,2025,671.0,677.0,649.3333333333334,604.0,63.0
2025-04-01,2025,4,PRD_008,TER_SO_01,679,132,547,2376500,1544725.0,61,100,4,2025,667.0,671.0,671.6666666666666,622.0,57.0
2025-05-01,2025,5,PRD_008,TER_SO_01,683,137,546,2390500,1553825.0,28,56,5,2025,679.0,667.0,672.3333333333334,634.0,49.0
2025-06-01,2025,6,PRD_008,TER_SO_01,674,145,529,2359000,1533350.0,31,65,6,2025,683.0,679.0,676.3333333333334,655.0,19.0
2025-07-01,2025,7,PRD_008,TER_SO_01,690,105,585,2415000,1569750.0,72,61,7,2025,674.0,683.0,678.6666666666666,645.0,45.0
2025-08-01,2025,8,PRD_008,TER_SO_01,659,143,516,2306500,1499225.0,38,94,8,2025,690.0,674.0,682.3333333333334,618.0,41.0
2025-09-01,2025,9,PRD_008,TER_SO_01,634,134,500,2219000,1442350.0,47,59,9,2025,659.0,690.0,674.3333333333334,634.0,0.0
2025-10-01,2025,10,PRD_008,TER_SO_01,592,83,509,2072000,1346800.0,25,33,10,2025,634.0,659.0,661.0,620.0,-28.0
2025-11-01,2025,11,PRD_008,TER_SO_01,704,125,579,2464000,1601600.0,49,50,11,2025,592.0,634.0,628.3333333333334,606.0,98.0
2025-12-01,2025,12,PRD_008,TER_SO_01,668,102,566,2338000,1519700.0,31,43,12,2025,704.0,592.0,643.3333333333334,653.0,15.0
2023-04-01,2023,4,PRD_008,TER_SO_02,617,98,519,2159500,1403675.0,56,64,4,2023,570.0,541.0,548.6666666666666,617.0,0.0
2023-05-01,2023,5,PRD_008,TER_SO_02,507,93,414,1774500,1153425.0,36,45,5,2023,617.0,570.0,576.0,507.0,0.0
2023-06-01,2023,6,PRD_008,TER_SO_02,600,95,505,2100000,1365000.0,71,52,6,2023,507.0,617.0,564.6666666666666,600.0,0.0
2023-07-01,2023,7,PRD_008,TER_SO_02,525,90,435,1837500,1194375.0,37,57,7,2023,600.0,507.0,574.6666666666666,525.0,0.0
2023-08-01,2023,8,PRD_008,TER_SO_02,523,98,425,1830500,1189825.0,48,52,8,2023,525.0,600.0,544.0,523.0,0.0
2023-09-01,2023,9,PRD_008,TER_SO_02,568,103,465,1988000,1292200.0,39,52,9,2023,523.0,525.0,549.3333333333334,568.0,0.0
2023-10-01,2023,10,PRD_008,TER_SO_02,503,81,422,1760500,1144325.0,30,40,10,2023,568.0,523.0,538.6666666666666,503.0,0.0
2023-11-01,2023,11,PRD_008,TER_SO_02,546,116,430,1911000,1242150.0,49,65,11,2023,503.0,568.0,531.3333333333334,546.0,0.0
2023-12-01,2023,12,PRD_008,TER_SO_02,627,120,507,2194500,1426425.0,54,76,12,2023,546.0,503.0,539.0,627.0,0.0
2024-01-01,2024,1,PRD_008,TER_SO_02,613,112,501,2145500,1394575.0,38,56,1,2024,627.0,546.0,558.6666666666666,613.0,0.0
2024-02-01,2024,2,PRD_008,TER_SO_02,638,93,545,2233000,1451450.0,33,58,2,2024,613.0,627.0,595.3333333333334,638.0,0.0
2024-03-01,2024,3,PRD_008,TER_SO_02,589,123,466,2061500,1339975.0,36,84,3,2024,638.0,613.0,626.0,589.0,0.0
2024-04-01,2024,4,PRD_008,TER_SO_02,619,103,516,2166500,1408225.0,26,69,4,2024,589.0,638.0,613.3333333333334,619.0,0.0
2024-05-01,2024,5,PRD_008,TER_SO_02,630,113,517,2205000,1433250.0,56,54,5,2024,619.0,589.0,615.3333333333334,630.0,0.0
2024-06-01,2024,6,PRD_008,TER_SO_02,611,112,499,2138500,1390025.0,33,78,6,2024,630.0,619.0,612.6666666666666,611.0,0.0
2024-07-01,2024,7,PRD_008,TER_SO_02,594,112,482,2079000,1351350.0,43,88,7,2024,611.0,630.0,620.0,594.0,0.0
2024-08-01,2024,8,PRD_008,TER_SO_02,600,87,513,2100000,1365000.0,43,60,8,2024,594.0,611.0,611.6666666666666,600.0,0.0
2024-09-01,2024,9,PRD_008,TER_SO_02,591,108,483,2068500,1344525.0,32,58,9,2024,600.0,594.0,601.6666666666666,591.0,0.0
2024-10-01,2024,10,PRD_008,TER_SO_02,609,87,522,2131500,1385475.0,33,65,10,2024,591.0,600.0,595.0,609.0,0.0
2024-11-01,2024,11,PRD_008,TER_SO_02,616,108,508,2156000,1401400.0,74,45,11,2024,609.0,591.0,600.0,616.0,0.0
2024-12-01,2024,12,PRD_008,TER_SO_02,639,98,541,2236500,1453725.0,56,68,12,2024,616.0,609.0,605.3333333333334,639.0,0.0
2025-01-01,2025,1,PRD_008,TER_SO_02,701,133,568,2453500,1594775.0,54,54,1,2025,639.0,616.0,621.3333333333334,628.0,73.0
2025-02-01,2025,2,PRD_008,TER_SO_02,587,116,471,2054500,1335425.0,58,50,2,2025,701.0,639.0,652.0,626.0,-39.0
2025-03-01,2025,3,PRD_008,TER_SO_02,693,114,579,2425500,1576575.0,71,59,3,2025,587.0,701.0,642.3333333333334,603.0,90.0
2025-04-01,2025,4,PRD_008,TER_SO_02,716,147,569,2506000,1628900.0,48,103,4,2025,693.0,587.0,660.3333333333334,619.0,97.0
2025-05-01,2025,5,PRD_008,TER_SO_02,644,119,525,2254000,1465100.0,74,63,5,2025,716.0,693.0,665.3333333333334,622.0,22.0
2025-06-01,2025,6,PRD_008,TER_SO_02,710,149,561,2485000,1615250.0,38,115,6,2025,644.0,716.0,684.3333333333334,630.0,80.0
2025-07-01,2025,7,PRD_008,TER_SO_02,656,112,544,2296000,1492400.0,38,47,7,2025,710.0,644.0,690.0,604.0,52.0
2025-08-01,2025,8,PRD_008,TER_SO_02,613,101,512,2145500,1394575.0,38,57,8,2025,656.0,710.0,670.0,595.0,18.0
2025-09-01,2025,9,PRD_008,TER_SO_02,625,111,514,2187500,1421875.0,69,48,9,2025,613.0,656.0,659.6666666666666,629.0,-4.0
2025-10-01,2025,10,PRD_008,TER_SO_02,623,131,492,2180500,1417325.0,72,76,10,2025,625.0,613.0,631.3333333333334,628.0,-5.0
2025-11-01,2025,11,PRD_008,TER_SO_02,620,116,504,2170000,1410500.0,69,87,11,2025,623.0,625.0,620.3333333333334,628.0,-8.0
2025-12-01,2025,12,PRD_008,TER_SO_02,631,106,525,2208500,1435525.0,43,68,12,2025,620.0,623.0,622.6666666666666,628.0,3.0
2023-04-01,2023,4,PRD_008,TER_WE_01,593,119,474,2075500,1349075.0,41,58,4,2023,518.0,566.0,534.3333333333334,593.0,0.0
2023-05-01,2023,5,PRD_008,TER_WE_01,567,110,457,1984500,1289925.0,68,56,5,2023,593.0,518.0,559.0,567.0,0.0
2023-06-01,2023,6,PRD_008,TER_WE_01,529,114,415,1851500,1203475.0,32,90,6,2023,567.0,593.0,559.3333333333334,529.0,0.0
2023-07-01,2023,7,PRD_008,TER_WE_01,549,80,469,1921500,1248975.0,35,50,7,2023,529.0,567.0,563.0,549.0,0.0
2023-08-01,2023,8,PRD_008,TER_WE_01,552,85,467,1932000,1255800.0,48,50,8,2023,549.0,529.0,548.3333333333334,552.0,0.0
2023-09-01,2023,9,PRD_008,TER_WE_01,522,96,426,1827000,1187550.0,64,41,9,2023,552.0,549.0,543.3333333333334,522.0,0.0
2023-10-01,2023,10,PRD_008,TER_WE_01,562,119,443,1967000,1278550.0,64,73,10,2023,522.0,552.0,541.0,562.0,0.0
2023-11-01,2023,11,PRD_008,TER_WE_01,516,102,414,1806000,1173900.0,67,57,11,2023,562.0,522.0,545.3333333333334,516.0,0.0
2023-12-01,2023,12,PRD_008,TER_WE_01,575,122,453,2012500,1308125.0,40,67,12,2023,516.0,562.0,533.3333333333334,575.0,0.0
2024-01-01,2024,1,PRD_008,TER_WE_01,566,88,478,1981000,1287650.0,60,37,1,2024,575.0,516.0,551.0,566.0,0.0
2024-02-01,2024,2,PRD_008,TER_WE_01,617,92,525,2159500,1403675.0,55,55,2,2024,566.0,575.0,552.3333333333334,617.0,0.0
2024-03-01,2024,3,PRD_008,TER_WE_01,644,121,523,2254000,1465100.0,34,55,3,2024,617.0,566.0,586.0,644.0,0.0
2024-04-01,2024,4,PRD_008,TER_WE_01,646,95,551,2261000,1469650.0,43,70,4,2024,644.0,617.0,609.0,646.0,0.0
2024-05-01,2024,5,PRD_008,TER_WE_01,644,117,527,2254000,1465100.0,29,87,5,2024,646.0,644.0,635.6666666666666,644.0,0.0
2024-06-01,2024,6,PRD_008,TER_WE_01,566,115,451,1981000,1287650.0,38,49,6,2024,644.0,646.0,644.6666666666666,566.0,0.0
2024-07-01,2024,7,PRD_008,TER_WE_01,577,103,474,2019500,1312675.0,67,58,7,2024,566.0,644.0,618.6666666666666,577.0,0.0
2024-08-01,2024,8,PRD_008,TER_WE_01,579,117,462,2026500,1317225.0,32,50,8,2024,577.0,566.0,595.6666666666666,579.0,0.0
2024-09-01,2024,9,PRD_008,TER_WE_01,567,119,448,1984500,1289925.0,49,85,9,2024,579.0,577.0,574.0,567.0,0.0
2024-10-01,2024,10,PRD_008,TER_WE_01,556,108,448,1946000,1264900.0,38,71,10,2024,567.0,579.0,574.3333333333334,556.0,0.0
2024-11-01,2024,11,PRD_008,TER_WE_01,591,116,475,2068500,1344525.0,37,77,11,2024,556.0,567.0,567.3333333333334,591.0,0.0
2024-12-01,2024,12,PRD_008,TER_WE_01,620,133,487,2170000,1410500.0,67,96,12,2024,591.0,556.0,571.3333333333334,620.0,0.0
2025-01-01,2025,1,PRD_008,TER_WE_01,614,86,528,2149000,1396850.0,37,58,1,2025,620.0,591.0,589.0,633.0,-19.0
2025-02-01,2025,2,PRD_008,TER_WE_01,657,120,537,2299500,1494675.0,66,94,2,2025,614.0,620.0,608.3333333333334,648.0,9.0
2025-03-01,2025,3,PRD_008,TER_WE_01,661,101,560,2313500,1503775.0,64,69,3,2025,657.0,614.0,630.3333333333334,622.0,39.0
2025-04-01,2025,4,PRD_008,TER_WE_01,658,137,521,2303000,1496950.0,36,88,4,2025,661.0,657.0,644.0,641.0,17.0
2025-05-01,2025,5,PRD_008,TER_WE_01,645,123,522,2257500,1467375.0,67,49,5,2025,658.0,661.0,658.6666666666666,612.0,33.0
2025-06-01,2025,6,PRD_008,TER_WE_01,651,126,525,2278500,1481025.0,43,69,6,2025,645.0,658.0,654.6666666666666,634.0,17.0
2025-07-01,2025,7,PRD_008,TER_WE_01,675,101,574,2362500,1535625.0,38,53,7,2025,651.0,645.0,651.3333333333334,589.0,86.0
2025-08-01,2025,8,PRD_008,TER_WE_01,577,115,462,2019500,1312675.0,67,64,8,2025,675.0,651.0,657.0,595.0,-18.0
2025-09-01,2025,9,PRD_008,TER_WE_01,640,99,541,2240000,1456000.0,56,40,9,2025,577.0,675.0,634.3333333333334,580.0,60.0
2025-10-01,2025,10,PRD_008,TER_WE_01,595,117,478,2082500,1353625.0,67,54,10,2025,640.0,577.0,630.6666666666666,602.0,-7.0
2025-11-01,2025,11,PRD_008,TER_WE_01,612,98,514,2142000,1392300.0,53,61,11,2025,595.0,640.0,604.0,608.0,4.0
2025-12-01,2025,12,PRD_008,TER_WE_01,745,111,634,2607500,1694875.0,71,58,12,2025,612.0,595.0,615.6666666666666,607.0,138.0
2023-04-01,2023,4,PRD_008,TER_WE_02,626,97,529,2191000,1424150.0,66,73,4,2023,625.0,609.0,584.3333333333334,626.0,0.0
2023-05-01,2023,5,PRD_008,TER_WE_02,568,119,449,1988000,1292200.0,61,50,5,2023,626.0,625.0,620.0,568.0,0.0
2023-06-01,2023,6,PRD_008,TER_WE_02,530,91,439,1855000,1205750.0,57,52,6,2023,568.0,626.0,606.3333333333334,530.0,0.0
2023-07-01,2023,7,PRD_008,TER_WE_02,565,95,470,1977500,1285375.0,46,64,7,2023,530.0,568.0,574.6666666666666,565.0,0.0
2023-08-01,2023,8,PRD_008,TER_WE_02,526,101,425,1841000,1196650.0,50,66,8,2023,565.0,530.0,554.3333333333334,526.0,0.0
2023-09-01,2023,9,PRD_008,TER_WE_02,549,94,455,1921500,1248975.0,67,67,9,2023,526.0,565.0,540.3333333333334,549.0,0.0
2023-10-01,2023,10,PRD_008,TER_WE_02,495,74,421,1732500,1126125.0,71,40,10,2023,549.0,526.0,546.6666666666666,495.0,0.0
2023-11-01,2023,11,PRD_008,TER_WE_02,526,88,438,1841000,1196650.0,67,47,11,2023,495.0,549.0,523.3333333333334,526.0,0.0
2023-12-01,2023,12,PRD_008,TER_WE_02,576,106,470,2016000,1310400.0,33,60,12,2023,526.0,495.0,523.3333333333334,576.0,0.0
2024-01-01,2024,1,PRD_008,TER_WE_02,592,83,509,2072000,1346800.0,47,41,1,2024,576.0,526.0,532.3333333333334,592.0,0.0
2024-02-01,2024,2,PRD_008,TER_WE_02,612,122,490,2142000,1392300.0,72,69,2,2024,592.0,576.0,564.6666666666666,612.0,0.0
2024-03-01,2024,3,PRD_008,TER_WE_02,587,117,470,2054500,1335425.0,40,73,3,2024,612.0,592.0,593.3333333333334,587.0,0.0
2024-04-01,2024,4,PRD_008,TER_WE_02,603,123,480,2110500,1371825.0,28,80,4,2024,587.0,612.0,597.0,603.0,0.0
2024-05-01,2024,5,PRD_008,TER_WE_02,597,112,485,2089500,1358175.0,49,48,5,2024,603.0,587.0,600.6666666666666,597.0,0.0
2024-06-01,2024,6,PRD_008,TER_WE_02,611,108,503,2138500,1390025.0,39,57,6,2024,597.0,603.0,595.6666666666666,611.0,0.0
2024-07-01,2024,7,PRD_008,TER_WE_02,570,112,458,1995000,1296750.0,36,47,7,2024,611.0,597.0,603.6666666666666,570.0,0.0
2024-08-01,2024,8,PRD_008,TER_WE_02,563,122,441,1970500,1280825.0,54,71,8,2024,570.0,611.0,592.6666666666666,563.0,0.0
2024-09-01,2024,9,PRD_008,TER_WE_02,518,87,431,1813000,1178450.0,69,67,9,2024,563.0,570.0,581.3333333333334,518.0,0.0
2024-10-01,2024,10,PRD_008,TER_WE_02,574,100,474,2009000,1305850.0,48,71,10,2024,518.0,563.0,550.3333333333334,574.0,0.0
2024-11-01,2024,11,PRD_008,TER_WE_02,609,105,504,2131500,1385475.0,29,82,11,2024,574.0,518.0,551.6666666666666,609.0,0.0
2024-12-01,2024,12,PRD_008,TER_WE_02,598,92,506,2093000,1360450.0,35,36,12,2024,609.0,574.0,567.0,598.0,0.0
2025-01-01,2025,1,PRD_008,TER_WE_02,591,92,499,2068500,1344525.0,53,64,1,2025,598.0,609.0,593.6666666666666,621.0,-30.0
2025-02-01,2025,2,PRD_008,TER_WE_02,692,139,553,2422000,1574300.0,30,55,2,2025,591.0,598.0,599.3333333333334,629.0,63.0
2025-03-01,2025,3,PRD_008,TER_WE_02,618,119,499,2163000,1405950.0,46,78,3,2025,692.0,591.0,627.0,609.0,9.0
2025-04-01,2025,4,PRD_008,TER_WE_02,631,121,510,2208500,1435525.0,48,65,4,2025,618.0,692.0,633.6666666666666,593.0,38.0
2025-05-01,2025,5,PRD_008,TER_WE_02,685,126,559,2397500,1558375.0,73,80,5,2025,631.0,618.0,647.0,645.0,40.0
2025-06-01,2025,6,PRD_008,TER_WE_02,624,99,525,2184000,1419600.0,34,76,6,2025,685.0,631.0,644.6666666666666,614.0,10.0
2025-07-01,2025,7,PRD_008,TER_WE_02,700,123,577,2450000,1592500.0,64,63,7,2025,624.0,685.0,646.6666666666666,603.0,97.0
2025-08-01,2025,8,PRD_008,TER_WE_02,634,99,535,2219000,1442350.0,31,48,8,2025,700.0,624.0,669.6666666666666,583.0,51.0
2025-09-01,2025,9,PRD_008,TER_WE_02,653,125,528,2285500,1485575.0,44,62,9,2025,634.0,700.0,652.6666666666666,590.0,63.0
2025-10-01,2025,10,PRD_008,TER_WE_02,657,108,549,2299500,1494675.0,66,61,10,2025,653.0,634.0,662.3333333333334,615.0,42.0
2025-11-01,2025,11,PRD_008,TER_WE_02,619,94,525,2166500,1408225.0,37,54,11,2025,657.0,653.0,648.0,639.0,-20.0
2025-12-01,2025,12,PRD_008,TER_WE_02,692,138,554,2422000,1574300.0,74,97,12,2025,619.0,657.0,643.0,664.0,28.0
